full_name,a,e,i,om,w,q,ad,per_y,data_arc,condition_code,n_obs_used,n_del_obs_used,n_dop_obs_used,H
"    60 Echo",2.393954224018244,.1834889528471646,3.601229332232635,191.5938677693692,271.1428119243162,1.95469007028909,2.833218377747398,3.70409370632004,57365,0,2370,,,8.21
"    73 Klytia",2.664097367728316,.04333197110755756,2.370610723046781,7.024464232913238,52.50397004737012,2.548656777562192,2.779537957894439,4.34843860200002,55998,0,2186,,,9.0
"   118 Peitho",2.436579312584141,.1643916645326699,7.746158498792489,47.6831791236098,33.44839810209955,2.036025983622565,2.837132641545717,3.80346155779389,53065,0,1524,,,9.14
"   123 Brunhild",2.694282063255759,.1203615129051082,6.414351816218845,307.7349209821189,125.882106132319,2.3699941979292,3.018569928582318,4.42255041205414,52902,0,1953,,,8.9
"   125 Liberatrix",2.743964132664273,.07766601425683295,4.663830486978625,169.0027646870138,109.5948605369403,2.530851375216532,2.957076890112015,4.54543914396984,52990,0,3432,,,9.04
"   126 Velleda",2.438868674734054,.1063953011341367,2.924607870156594,23.3148640383248,328.3190625207115,2.179384507659111,2.698352841808997,3.80882330361098,53082,0,2427,,,9.27
"   131 Vala",2.431444493231999,.06772024981108998,4.961437766906967,65.6599821613336,160.2561393738841,2.266786464748529,2.596102521715469,3.79144483730988,52731,0,2044,,,10.03
"   132 Aethra",2.607381656636005,.39003285055486,24.99456349455646,258.3995661892699,255.2196539700205,1.590417156613811,3.624346156658199,4.21032005793463,52764,0,1788,,,9.38
"   136 Austria",2.286909698186964,.08494378179881702,9.578775235266207,186.4612964972872,132.9455361313402,2.092650939790572,2.481168456583356,3.45845179401118,51539,0,2200,,,9.69
"   151 Abundantia",2.592113844378332,.03341777471270423,6.43486260494493,38.86930531843843,131.4086309313597,2.505491167897216,2.678736520859449,4.17339325388933,48645,0,2056,,,9.2
"   155 Scylla",2.75617723194172,.2773901507546696,11.38816129848432,40.99442923872527,45.83831221060108,1.991640814066818,3.520713649816622,4.57581980279456,52004,0,1771,,,11.39
"   158 Koronis",2.870551692010538,.05165304526787976,1.001435208227078,277.8837608568035,143.292004339799,2.722278955519329,3.018824428501747,4.86358219774463,45517,0,2243,,,9.27
"   161 Athor",2.379266584810702,.1375302035786576,9.059520327243165,18.60507814010614,294.9442344885374,2.052045567033789,2.706487602587616,3.67005742922988,43208,0,1874,,,9.15
"   167 Urda",2.853312671465131,.03699258722124529,2.212483051788567,166.2165985710483,132.834478495258,2.747761253596472,2.958864089333789,4.81983587491559,48941,0,2427,,,9.2
"   169 Zelia",2.35838167483604,.1306459076989327,5.49932927486952,354.7652333719299,335.0559874303105,2.050268760226557,2.666494589445525,3.62184065785568,48595,0,2178,,,9.56
"   170 Maria",2.553117578669206,.06367575005588685,14.37805003641789,301.3073592257751,158.7365398913804,2.390545901866575,2.715689255471838,4.07957034330552,43213,0,1549,,,9.39
"   178 Belisana",2.460137851086742,.04330461811089772,1.895032824048706,51.10896919371905,212.670676156157,2.353602520945266,2.566673181228218,3.85875643515656,48314,0,2280,,,9.4
"   182 Elsa",2.41764713003826,.1855706999956871,2.004690768073919,107.1963738167657,310.6210184612777,1.969002659774496,2.866291600302024,3.75921852522021,41652,0,2076,,,9.12
"   183 Istria",2.790840772846655,.3508257688040296,26.39107482749812,141.948797983942,264.1184332557737,1.811741913103095,3.769939632590216,4.66241353709732,40937,0,1883,,,9.68
"   186 Celuta",2.362061200582068,.1498876385466722,13.18476204518802,14.76815681533571,315.6741089808281,2.008017425124105,2.716104976040032,3.63032010762328,49023,0,1854,,,8.91
"   188 Menippe",2.762053710294751,.1786839205735085,11.70449069421992,240.8976852641379,70.15721842977986,2.268519124504679,3.255588296084822,4.59046184045995,39847,0,1729,,,9.22
"   189 Phthia",2.449973731399949,.0370255185100077,5.177777674957878,203.4209337993608,167.5110649050214,2.359262183658968,2.54068527914093,3.8348673324754,50420,0,2051,,,9.33
"   197 Arete",2.738022138033958,.1642328541898618,8.795308423833559,81.60376492810452,246.3369569586652,2.288348947469614,3.187695328598303,4.53068256558779,50676,0,2423,,,9.18
"   204 Kallisto",2.670529057545921,.1744825004470179,8.287796810967118,205.1129759656649,55.14133021308747,2.204568470068891,3.136489645022952,4.3641951666085,50297,0,2128,,,8.89
"   208 Lacrimosa",2.893259838642852,.01265813475324657,1.745177373790958,4.254893071355497,108.2623282788953,2.856636565729154,2.92988311155655,4.92140787903861,42768,0,2450,,,8.96
"   215 Oenone",2.76730146767114,.03560274173847655,1.685124965584989,25.01243719075652,315.3431677384134,2.668777948205137,2.865824987137143,4.60355050806944,41051,0,2456,,,9.4
"   219 Thusnelda",2.354329578384656,.2231099768777549,10.86279481687505,200.8222323292994,142.7936092464623,1.82905516058864,2.879603996180671,3.6125102712302,43615,0,2143,,,9.32
"   220 Stephania",2.349093936563098,.2571549733090203,7.59360283636832,257.8856074374042,78.53790283501597,1.745012748005833,2.953175125120362,3.60046653009744,31514,0,2009,,,11.2
"   226 Weringia",2.712669366069263,.2034883255927287,15.9653530418995,134.9550409093423,154.1254937202452,2.16067281888114,3.264665913257387,4.4679005400076,49480,0,2075,,,9.9
"   232 Russia",2.552916558585603,.1750551006311644,6.065389049751035,152.2431630315878,52.20542567023092,2.106015493519434,2.999817623651772,4.07908854444366,38111,0,1936,,,10.25
"   234 Barbara",2.3848302865833,.2457023951202697,15.37536598940293,144.5471081382342,192.2709527088113,1.798871773214424,2.970788799952176,3.68293810277572,49098,0,3711,,,9.02
"   237 Coelestina",2.76240915221443,.07101974119705441,9.747884325624124,84.24868140691451,199.6014926820088,2.566223569143786,2.958594735285073,4.59134797188524,48585,0,2030,,,9.24
"   239 Adrastea",2.967235773945888,.2350933781120795,6.174355493759378,180.6327440758715,210.0826728801725,2.269658292193939,3.664813255697838,5.11135784387648,48647,0,2252,,,10.4
"   242 Kriemhild",2.863055369579079,.1208077530817394,11.35302656539423,206.9284891910452,279.6683311078805,2.517176083431622,3.208934655726537,4.84454308727038,48389,0,2142,,,9.3
"   243 Ida",2.863914916076813,.04184972249005618,1.12895226607944,323.758932723422,113.396600592101,2.744060871603866,2.98376896054976,4.84672489413116,48380,0,3209,,,9.94
"   249 Ilse",2.377400458094904,.2178970270947924,9.619017735661027,334.7190988684607,42.31708926568908,1.859371966062227,2.895428950127582,3.66574047973828,48341,0,2085,,,11.33
"   277 Elvira",2.885398961330089,.09178533759762346,1.162581767194369,231.2516422314122,137.3477607553038,2.620561643560575,3.150236279099603,4.90136459069292,43271,0,2307,,,9.84
"   278 Paulina",2.756270583895438,.1319892041056573,7.81761084241925,62.00099525444248,139.6405261845576,2.392472623227244,3.120068544563632,4.57605227986306,46375,0,2254,,,9.4
"   280 Philia",2.941685244269781,.1094315110132621,7.440299443324171,9.878138406155401,89.68988168496357,2.619772183063922,3.26359830547564,5.04548018980692,46525,0,2041,,,10.9
"   282 Clorinde",2.339106397991276,.08040354016887033,9.032652916750324,144.9658534624491,296.0205435196025,2.151033962761123,2.527178833221429,3.5775290380146,43615,0,2118,,,10.91
"   285 Regina",3.086099525266938,.2060237840089085,17.60552435935756,311.3519282293964,14.28936058272816,2.450289623243347,3.721909427290529,5.42154533732047,38924,0,1771,,,10.7
"   289 Nenetta",2.879961164462603,.2017469536566129,6.685237777727357,182.0712337296625,189.7553287969272,2.298937772882922,3.460984556042284,4.88751551950546,42174,0,2463,,,9.51
"   292 Ludovica",2.529043301706681,.03443180528455806,14.89773974870043,43.53129305538798,286.4631975608045,2.441963775186101,2.616122828227261,4.02200494493651,46202,0,1643,,,9.9
"   297 Caecilia",3.164216659024118,.1423899984494441,7.550587587549153,332.0992318687076,353.9281953841045,2.713663853851969,3.614769464196268,5.62869247206476,43063,0,2343,,,9.1
"   302 Clarissa",2.405768195298209,.111648869231916,3.41327483135566,7.855424573129349,54.43403421975017,2.137166896659056,2.674369493937361,3.73154661247304,45997,0,2293,,,10.89
"   305 Gordonia",3.08985979289421,.1948727011672995,4.450223060729533,207.4872918201949,260.9137506368793,2.487730468824683,3.691989116963737,5.43145720340637,45697,0,2131,,,8.77
"   306 Unitas",2.358040766567999,.1513183285089956,7.27713117588443,141.9044672835369,167.8538908225045,2.001225979214859,2.71485555392114,3.62105537096734,46401,0,2142,,,8.96
"   309 Fraternitas",2.665152468794044,.113599116857413,3.714413221138865,356.5341600143629,310.511548847463,2.362393502048686,2.967911435539401,4.35102212043446,46111,0,2374,,,10.6
"   310 Margarita",2.762556650881199,.1134043709133784,3.17221615534299,229.2698871320391,324.8195378798979,2.449270651775447,3.075842649986951,4.59171570890778,38431,0,2380,,,10.1
"   312 Pierretta",2.783108454603309,.159227954372955,9.028413242473299,6.273410195832077,262.6173057908431,2.339959788578748,3.22625712062787,4.6430504030006,46202,0,2062,,,8.89
"   327 Columbia",2.775725315588348,.06092805817372177,7.141613924494708,354.7752161959408,306.8202624372773,2.606605762085909,2.944844869090787,4.62458676312411,45759,0,2077,,,9.9
"   332 Siri",2.773251458267895,.08781707208219178,2.845389349165138,31.56795579084099,297.2593280348087,2.52971263505514,3.01679028148065,4.61840566608889,45763,0,2335,,,9.7
"   339 Dorothea (1892 G)",3.012652454044483,.09748244473724423,9.963380161116476,173.5110825828422,164.3786949041082,2.718971727680569,3.306333180408398,5.22915785666759,45693,0,2126,,,9.24
"   347 Pariana (1892 Q)",2.610725891353272,.1667993898367983,11.68117243747267,85.51922247924914,86.17849709684533,2.175258405644415,3.04619337706213,4.21842290645618,45648,0,2021,,,8.96
"   351 Yrsa (1892 V)",2.767371891810103,.1525928321544918,9.195395737356424,99.24428202585744,31.74282949144531,2.345090777214065,3.18965300640614,4.60372624053684,45725,0,1802,,,8.98
"   359 Georgia (1893 M)",2.728149414315519,.1571502333229473,6.771033814844088,6.067938221415185,338.42855320,2.299420097315973,3.156878731315065,4.50619965666356,42393,0,1866,,,8.86
"   370 Modestia (1893 AC)",2.324479882769515,.09125888765723551,7.864560890360368,290.9200659217565,68.87086675583147,2.112350434286348,2.536609331252682,3.54402592510491,41268,0,1966,,,10.68
"   374 Burgundia (1893 AK)",2.779157185144168,.07980017941129049,8.994232656048307,219.0147566412467,25.10309962797333,2.557379943157486,3.000934427130849,4.63316607917924,41613,0,2074,,,8.67
"   376 Geometria (1893 AM)",2.288423268951569,.1720930476162758,5.432154396457679,302.0010228787825,316.7044998254584,1.894601534361693,2.682245003541445,3.46188578020338,43380,0,2051,,,9.49
"   383 Janina (1894 AU)",3.147076797291287,.1651677342276977,2.656940471548094,92.80155323838346,323.6139952575867,2.627281253242125,3.666872341340448,5.5830203878076,45287,0,2649,,,9.91
"   384 Burdigala (1894 AV)",2.651383463736757,.1487239529936025,5.59077407006245,47.83502754825768,34.89887487859453,2.257059234107957,3.045707693365557,4.31734761095402,43267,0,2042,,,9.64
"   395 Delia (1894 BK)",2.785383490970341,.08568233793532022,3.35374101624354,259.2787605402146,10.70583112215452,2.546725321417558,3.024041660523123,4.64874471949286,41528,0,2590,,,10.38
"   396 Aeolia (1894 BL)",2.740971001589822,.159955705750809,2.551012907275575,249.926165420231,21.82642808078518,2.30253705058802,3.179404952591624,4.53800388770093,33782,0,1965,,,10.1
"   397 Vienna (1894 BM)",2.634684565864795,.2472052785914809,12.86351464966547,227.9271100007428,140.1461450910535,1.983376633759514,3.285992497970077,4.27662473273544,43474,0,1955,,,9.31
"   398 Admete (1894 BN)",2.739277297744727,.2232790688270423,9.526153311173449,279.9615222231631,159.1236602313585,2.127654013445227,3.350900582044226,4.53379834493919,45013,0,1759,,,10.3
"   399 Persephone (1895 BP)",3.052238586131212,.07397108889722573,13.110559956966,346.3864574322793,194.2294085431848,2.826461174340958,3.278015997921467,5.33256207677277,44953,0,1971,,,9.0
"   400 Ducrosa (1895 BU)",3.127146437746783,.1169257919057818,10.52477893429337,327.0552821758515,237.8460170027489,2.761502364107896,3.492790511385671,5.5300687499732,44669,0,1630,,,10.5
"   406 Erna (1895 CB)",2.916666514369241,.1807700746819761,4.189526058505717,315.7264662790444,37.2179384400234,2.389420490744294,3.443912537994188,4.98125030924178,42039,0,2624,,,10.36
"   408 Fama (1895 CD)",3.164660602863203,.14437786720761,9.08596479929467,297.1393696367724,108.6529218955196,2.707753654585864,3.621567551140542,5.62987708326212,40473,0,1716,,,9.3
"   413 Edburga (1896 CL)",2.585440805927977,.3422115684547871,18.71165401789798,103.785262935442,252.735052286211,1.700673052584355,3.470208559271599,4.15728789501737,36932,0,1965,,,10.18
"   418 Alemannia (1896 CV)",2.59296218523172,.1195654323149708,6.817986187625023,248.8279228592319,126.6449971233073,2.282933540578118,2.902990829885322,4.1754422088367,40940,0,2349,,,9.77
"   427 Galene (1897 DJ)",2.969935016840836,.1210169644503532,5.125335105709881,297.4173076920883,12.11989882327759,2.610522496487949,3.329347537193722,5.11833400010197,41274,0,2177,,,10.1
"   430 Hybris (1897 DM)",2.844481284400151,.2549366356408178,14.59584141158217,249.4313135465663,178.9907550019916,2.119318795611905,3.569643773188398,4.79747613695196,30073,0,1563,,,11.1
"   432 Pythia (1897 DO)",2.369310545270122,.145920134628268,12.1211996142261,88.74868019504034,174.076140794081,2.02358043152813,2.715040659012113,3.64704551508956,42921,0,2003,,,8.84
"   435 Ella (1898 DS)",2.449704780762445,.1555601143354179,1.816585303511163,23.19143823598215,333.6293682160936,2.068628424979019,2.830781136545871,3.83423587976163,43632,0,2753,,,10.23
"   450 Brigitta (1899 EV)",3.020160931169122,.09690909933411931,10.13648396041251,14.42724978793453,357.9152815633737,2.727479855485427,3.312842006852817,5.24871909043292,43001,0,2059,,,10.1
"   456 Abnoba (1900 FH)",2.788780531765817,.1789154270436815,14.439386123101,229.2082697442009,6.731356219965976,2.289824671993831,3.287736391537803,4.65725169321183,42961,0,2233,,,9.1
"   458 Hercynia (1900 FK)",2.995553757777605,.2409744939280451,12.64492809203839,134.176217429917,276.955352403286,2.273701706962893,3.717405808592317,5.18470294724571,42656,0,1828,,,9.63
"   461 Saskia (1900 FP)",3.122732198317069,.1406944454269716,1.463360408514741,157.0266340441513,305.1673551028931,2.683381123457901,3.562083273176237,5.51836362291719,42890,0,2258,,,10.48
"   462 Eriphyla (1900 FQ)",2.873394454972729,.08776373594140301,3.192334624959008,105.2750899670582,251.39743025,2.62121462277101,3.125574287174447,4.87080873568719,42860,0,2094,,,9.23
"   467 Laura (1901 FY)",2.944956374263404,.1082152506483417,6.434547676297117,322.4684527822486,91.49186509908874,2.626267182074058,3.26364556645275,5.05389832816426,42811,0,1959,,,10.8
"   474 Prudentia (1901 GD)",2.453068584205928,.2099130062602283,8.794953537469848,161.8163040681981,156.0470244004335,1.938137583132739,2.967999585279116,3.84213604135838,42627,0,2395,,,10.9
"   482 Petrina (1902 HT)",2.998379039145011,.097321231965457,14.47353612800464,179.4010889823851,87.07394390891506,2.706573097156015,3.290184981134007,5.19203966985749,42242,0,2082,,,8.84
"   484 Pittsburghia (1902 HX)",2.667677075774419,.05782181082178555,12.51151114355028,127.2629768326543,191.5101638440302,2.513427156565377,2.821926994983462,4.35720594399045,42307,0,2031,,,9.86
"   493 Griseldis (1902 JS)",3.116776729307009,.1754984521613973,15.17600906226953,357.3560244889937,47.05825142617037,2.569787237580966,3.663766221033051,5.50258476297317,42056,0,1489,,,10.8
"   495 Eulalia (1902 KG)",2.487874293571112,.1292407210165348,2.279500730269785,186.479089510317,207.0585080921995,2.166339626071479,2.809408961070744,3.9241974507177,42156,0,2077,,,10.78
"   497 Iva (1902 KJ)",2.851776094038466,.3002090652459278,4.820089013536406,6.3260173009741,3.600956917233051,1.995647058556495,3.707905129520437,4.815943003006,42000,0,2081,,,10.02
"   500 Selinur (1903 LA)",2.612885015976156,.1453737337609282,9.770638053923346,289.9164779403545,74.47558575595292,2.23304016531572,2.992729866636592,4.22365707352344,42074,0,1803,,,9.3
"   504 Cora (1902 LK)",2.724058387622182,.2160363416347141,12.88486047635726,104.5424225872826,247.9804852315521,2.135562779160928,3.312553996083436,4.49606747503147,41728,0,2128,,,10.0
"   507 Laodica (1903 LO)",3.153055512475867,.1000824013457904,9.498243043291183,293.442759929027,100.6759376251802,2.837490145210701,3.468620879741034,5.59893760517851,40434,0,1736,,,9.2
"   513 Centesima (1903 LY)",3.012926713949129,.08367404231895569,9.733439703970038,184.4461064467804,226.2062901683708,2.760822956582238,3.265030471316021,5.22987193553811,41703,0,2246,,,9.75
"   515 Athalia (1903 ME)",3.121342638332002,.1748365172594728,2.038107579365541,121.0973357570841,300.229076842023,2.575617962272541,3.667067314391464,5.51468067301225,41562,0,2220,,,11.23
"   519 Sylvania (1903 MP)",2.792037229064206,.1844054357898998,11.02103476352981,44.73527711006816,302.3818478940675,2.277170387096997,3.306904071031416,4.66541208052036,41797,0,2259,,,9.14
"   523 Ada (1904 ND)",2.970253704788804,.1764713230233381,4.308102920494483,260.6173711515846,189.8933725563169,2.446089103789753,3.494418305787856,5.11915785404509,41892,0,1982,,,9.8
"   526 Jena (1904 NQ)",3.122745751022312,.1341785404786798,2.17334809174393,137.7706246740827,357.402271185368,2.70374028386414,3.541751218180485,5.51839954762928,42494,0,2568,,,10.17
"   529 Preziosa (1904 NT)",3.015798386771043,.09654474536264762,11.02546107949884,65.2035745285654,333.4515249718593,2.724638899455149,3.306957874086937,5.23735073964679,42069,0,1867,,,10.06
"   533 Sara (1904 NZ)",2.979272158713754,.04567245285229257,6.556681515080104,180.3285401399465,33.08006346725369,2.843201491510752,3.115342825916755,5.14249016152933,42239,0,2187,,,9.6
"   534 Nassovia (1904 OA)",2.88292053347123,.05841118410895345,3.275185091314484,94.09437510207138,339.2334554075226,2.71452573141916,3.0513153355233,4.89505086956116,41439,0,2384,,,9.77
"   537 Pauly (1904 OG)",3.07538275410898,.2284486040262814,9.871589649300329,120.1844498963303,187.3273772847197,2.372815857086283,3.777949651131677,5.39332962831739,42331,0,2133,,,8.8
"   542 Susanna (1904 OQ)",2.905559989890278,.1409445275950344,12.074767375,152.9622328829183,216.8261216317256,2.49603720971616,3.315082770064397,4.95282487393118,41350,0,2179,,,9.36
"   543 Charlotte (1904 OT)",3.058246488958669,.1543906242164778,8.478156656640859,294.9636860813041,109.4465520909233,2.586081904520488,3.530411073396849,5.34831442085202,41470,0,1965,,,9.5
"   550 Senta (1904 PL)",2.587705684365425,.2231399090397734,10.11084178162607,270.6947001618543,45.27471194770177,2.01028527333442,3.165126095396431,4.16275184538213,42769,0,1878,,,9.37
"   555 Norma (1905 PT)",3.186645793430297,.1494239028177482,2.646230020608544,130.4300989736643,356.5455214397144,2.710484742078182,3.662806844782411,5.68864577368861,41334,0,2192,,,10.8
"   556 Phyllis (1905 PW)",2.465413684829388,.1027434671524685,5.240050847298471,286.0946655890619,177.7693354457007,2.212108534884873,2.718718834773902,3.87117590272196,40380,0,1713,,,9.56
"   560 Delila (1905 QF)",2.750795939657124,.1613517907151877,8.468638276608273,105.3373774686123,3.802069061847225,2.30695008890138,3.194641790412868,4.56242527191044,41227,0,2011,,,11.0
"   561 Ingwelde (1905 QG)",3.177057687523536,.1161924517048415,1.543978807018903,159.5012484229818,316.1924121553105,2.807907565602462,3.546207809444609,5.66299076225597,41274,0,2190,,,11.21
"   562 Salome (1905 QH)",3.019492459438674,.1008354472835803,11.10445332745282,70.59902712761571,263.6832278833591,2.715020586721777,3.32396433215557,5.24697658750373,41206,0,1957,,,9.95
"   573 Recha (1905 RC)",3.013283202297997,.1134623580947205,9.830661936173192,342.9555552769698,28.88632542064156,2.671388984558056,3.355177420037939,5.23080015769656,41097,0,2122,,,9.4
"   577 Rhea (1905 RH)",3.109903162158406,.1552836370950952,5.297563690421866,328.5652642981183,330.6837386630166,2.626986088124911,3.592820236191901,5.48439215794172,41036,0,2220,,,9.4
"   580 Selene (1905 SE)",3.237590383245079,.08325256488135682,3.663106730147087,98.98833437202424,336.7062887276427,2.968052679804711,3.507128086685448,5.82560526827727,40949,0,2186,,,10.2
"   582 Olympia (1906 SO)",2.609610933252359,.2225495979708107,30.03446053471701,155.711371144786,310.4319082361072,2.028843069196814,3.190378797307904,4.21572086335313,40849,0,2094,,,9.11
"   585 Bilkis (1906 TA)",2.430826361150053,.1285900032165709,7.567593698981375,180.2933435057588,328.8784113371335,2.118246391550842,2.743406330749264,3.78999911353936,40798,0,2359,,,10.40
"   590 Tomyris (1906 TO)",2.999149880771073,.08034728517566618,11.17234458297003,106.1514870479226,339.516520540877,2.758176330016194,3.240123431525951,5.19404200051775,40785,0,1686,,,9.90
"   592 Bathseba (1906 TS)",3.022920399111531,.1325257604987922,10.17360203331601,167.8457956321021,257.4793850694853,2.622305574291963,3.4235352239311,5.25591422685003,40651,0,2109,,,9.5
"   597 Bandusia (1906 UB)",2.671125659408118,.1450310794286939,12.80431852984434,36.53845718276163,307.5284765238498,2.283729421734477,3.058521897081759,4.36565770398545,37012,0,1700,,,9.2
"   606 Brangane (1906 VB)",2.587208446288082,.219984960354339,8.598969517097114,318.4811583022829,58.34367635070183,2.018061498802987,3.156355393773176,4.1615520687038,40468,0,2023,,,10.3
"   612 Veronika (1906 VN)",3.153851353722133,.2584501811424713,20.95024095718283,202.907180140738,122.3079688629251,2.338737900056219,3.968964807388046,5.60105752343907,40563,0,1885,,,10.7
"   615 Roswitha (1906 VR)",2.632549834715788,.1092313459607148,2.761661821155443,13.46924715936738,247.3406146590426,2.344992872961125,2.920106796470451,4.2714281365466,42101,0,2361,,,10.3
"   623 Chimaera (1907 XJ)",2.461418869577213,.1132116158950609,14.12430718074931,308.3302129933041,124.2592089921846,2.182757661957782,2.740080077196644,3.86177076732361,39583,0,1745,,,10.97
"   627 Charis (1907 XS)",2.899795412487903,.05788555042733706,6.473221879267265,142.4794743872829,176.798777903502,2.731939158909374,3.067651666066431,4.93809271732949,40415,0,2321,,,9.95
"   628 Christine (1907 XT)",2.581887311208504,.04364151992969997,11.52624280032136,112.111334049945,207.4925737988975,2.469209824660159,2.69456479775685,4.14872001947924,40534,0,2138,,,9.25
"   629 Bernardina (1907 XU)",3.137573226312818,.1534935584582713,9.254124402491147,86.55538715789153,35.58012215518187,2.655975946882664,3.619170505742971,5.5577500065801,40562,0,1849,,,10.0
"   633 Zelima (1907 ZM)",3.017909214962974,.08323513457119322,10.90256304302888,147.2922945382685,189.821323740922,2.766713135331887,3.269105294594062,5.24285031905565,40318,0,1970,,,9.73
"   642 Clara (1907 ZY)",3.19181412290469,.1218080029023969,8.168991208523641,5.903297783540435,118.355562188548,2.803025618958004,3.580602626851376,5.70249076088737,40375,0,1927,,,9.98
"   651 Antikleia (1907 AN)",3.023180332384279,.1008548248101872,10.75935404579923,38.01878628264702,354.7092570857113,2.718278009592059,3.328082655176499,5.25659215556177,41173,0,1796,,,10.01
"   653 Berenike (1907 BK)",3.015474903827251,.03976297916817997,11.28968543535252,132.8495869340296,56.43140185406239,2.895570638044199,3.135379169610304,5.23650810297856,45720,0,2043,,,9.3
"   657 Gunlod (1908 BV)",2.611063027330847,.1123527002001993,10.23026310754792,297.5829960139782,245.4208888662939,2.31770304581732,2.904423008844375,4.21924005163071,40234,0,2020,,,10.93
"   660 Crescentia (1908 CC)",2.534034579641181,.1084292405712007,15.19926897311757,156.9623359185994,105.6627558518655,2.259271134589526,2.808798024692836,4.03391746111964,39701,0,2194,,,9.14
"   661 Cloelia (1908 CL)",3.015449466699641,.03385699125381587,9.231981259087732,335.8127983198204,181.928216397719,2.913355420479267,3.117543512920014,5.23644184404015,36548,0,2088,,,9.6
"   666 Desdemona (1908 DM)",2.592997426478427,.2381181831584256,7.585780466310874,215.4085369727324,174.1071441640777,1.975557590350911,3.210437262605943,4.17552733249747,40060,0,2121,,,10.7
"   670 Ottegebe (1908 DR)",2.801826182787015,.1940194765849763,7.535417628027215,174.6818911138077,195.166245890648,2.258217333320597,3.345435032253434,4.6899691541485,40437,0,2310,,,9.4
"   672 Astarte (1908 DY)",2.555861347095688,.1342883203611985,11.11510734288163,343.9010118115233,308.6978266254405,2.212639019718099,2.899083674473278,4.08614842053685,40270,0,1959,,,11.5
"   673 Edda (1908 EA)",2.815155018435866,.01119637739346729,2.8774628924974,226.7108100137912,235.445859067072,2.783635480428344,2.846674556443387,4.72347557659272,39970,0,2930,,,10.20
"   677 Aaltje (1909 FR)",2.953700374972528,.05082827751805086,8.487288494860733,272.7189662119341,275.7117784036441,2.803568872608253,3.103831877336803,5.07642365858234,40474,0,1945,,,9.5
"   678 Fredegundis (1909 FS)",2.574415075733615,.2187594460449334,6.089754893237211,281.1308259168602,121.0415500334089,2.011237459876404,3.137592691590827,4.13072285175356,38165,0,1808,,,9.02
"   688 Melanie (1909 HH)",2.696809839017598,.1398632393938951,10.24517762504716,170.9071664769768,139.3713449735152,2.319625278903268,3.073994399131928,4.42877572763921,38249,0,1981,,,10.59
"   695 Bella (1909 JB)",2.539556578186433,.1593312626814003,13.84680770731276,275.5365727905454,80.03245688837087,2.134925821933132,2.944187334439733,4.0471103062354,37873,0,1669,,,9.30
"   701 Oriola (1910 KN)",3.01351837068748,.0332268439569491,7.143005996735046,243.7387419466093,327.452693586608,2.913388666023248,3.113648075351712,5.2314125177537,40706,0,2347,,,9.25
"   706 Hirundo (1910 KX)",2.728713984421578,.1939731088483432,14.42975030633906,325.3572631347234,31.05361835673283,2.199416849705375,3.258011119137782,4.50759851547553,38986,0,1708,,,11.0
"   714 Ulula (1911 LW)",2.535251444768205,.05718026780549842,14.27100322800946,233.8420494863111,231.7080047624565,2.390285088202082,2.680217801334328,4.03682349254083,38913,0,2211,,,9.1
"   720 Bohlinia (1911 MW)",2.886800487808248,.01864665589392675,2.354333054592545,35.70053425199856,114.6044820798912,2.832971312477668,2.940629663138829,4.90493613822204,45305,0,2562,,,9.6
"   726 Joella (1911 NM)",2.565736891431687,.2845544364068535,15.43555343552216,241.9859588208822,113.2503256755605,1.835645076322071,3.295828706541303,4.10985386994094,31490,0,1491,,,10.57
"   727 Nipponia (1912 NT)",2.566894953444102,.1059386822472257,15.05847368558134,133.0632996841539,274.7969001071885,2.29496148460918,2.838828422279024,4.11263669775512,38227,0,2220,,,9.6
"   731 Sorga (1912 OQ)",2.988691849439855,.1404759018801276,10.68927148140595,46.15383034140633,288.6446937454715,2.568852666448004,3.408531032431705,5.16689827198762,37190,0,1988,,,9.62
"   737 Arequipa (1912 QB)",2.589584513087492,.2450954530405634,12.36863138721758,184.667620306347,134.2711776212761,1.954889123665487,3.224279902509497,4.16728627751521,37575,0,2049,,,8.81
"   742 Edisona (1913 QU)",3.010093137773107,.1184601066234545,11.21933558313703,64.21486477514203,284.0972040005602,2.653517183725976,3.366669091820238,5.22249584057798,38379,0,1962,,,9.55
"   755 Quintilla (1908 CZ)",3.181685781960474,.1376809034471648,3.242408531428355,176.7003631568532,43.73090577413896,2.743628409015157,3.619743154905791,5.67536938474396,37404,0,2573,,,9.81
"   757 Portlandia (1908 EJ)",2.372921929315818,.1096279052491421,8.169431147871297,22.51494822367786,44.04332602666118,2.112783468885172,2.633060389746464,3.65538711869415,38288,0,2221,,,10.20
"   766 Moguntia (1913 SW)",3.019098788371727,.09651606911196754,10.08953527364012,7.838782743700765,71.48668837701763,2.727707241057384,3.31049033568607,5.24595049674254,39782,0,1817,,,10.15
"   767 Bondia (1913 SX)",3.121253632055963,.1815989945453147,2.412059954083963,79.32752575747354,269.0891016449633,2.554437110753689,3.688070153358238,5.51444479485917,42081,0,2225,,,10.1
"   768 Struveana (1913 SZ)",3.137249441959284,.2124097087750587,16.27359981638933,38.90668363437988,16.73996956258835,2.470867201637997,3.803631682280571,5.5568897241563,31659,0,1522,,,10.21
"   775 Lumiere (1914 TX)",3.012013233256504,.07110087256231459,9.289158501523833,297.7393904135843,167.2291941198801,2.797856464202728,3.22617000231028,5.22749367079955,36712,0,1921,,,10.3
"   783 Nora (1914 UL)",2.342492946872924,.2300642086698267,9.34105808140578,142.1197550001171,154.6564291318855,1.803569160735954,2.881416733009894,3.58530114776152,38928,0,2071,,,11.1
"   785 Zwetana (1914 UN)",2.568730153174393,.2108656872966918,12.77134590470808,71.86906823485288,131.4833625238547,2.027073103945538,3.110387202403247,4.11704797602502,41386,0,1981,,,9.45
"   794 Irenaea (1914 VB)",3.127117242177654,.2966901768662785,5.419010422544458,160.4520963654755,131.4582303612795,2.199332274514377,4.054902209840931,5.52999130566534,29770,0,2293,,,11.3
"   796 Sarita (1914 VH)",2.63440255232679,.3202236237721941,19.05226214003522,33.19155108602557,329.6450280413508,1.790804620545988,3.478000484107592,4.275938103786,37784,0,1666,,,9.12
"   798 Ruth (1914 VT)",3.014292568998741,.03573239160089086,9.239437350316972,214.2678663688081,42.48531767798165,2.906584686523622,3.122000451473859,5.23342863829298,50246,0,2194,,,9.6
"   799 Gudula (1915 WO)",2.541098450693909,.02233440234994977,5.282271505214393,164.8684724615685,238.7728021193787,2.484344535485278,2.597852365902541,4.05079662409614,40384,0,2400,,,10.2
"   801 Helwerthia (1915 WQ)",2.604501329334671,.07796729792497642,14.12965843464591,185.9734413270075,334.9232680594088,2.401435398244438,2.807567260424904,4.20334538852887,37512,0,2010,,,11.55
"   803 Picka (1915 WS)",3.196416909483876,.06525488805797595,8.675662451504781,250.96904935675,60.68231881528323,2.987835081868885,3.404998737098868,5.71483020511197,37596,0,2056,,,9.4
"   808 Merxia (1901 GY)",2.74714971077509,.1275182401945588,4.721946946553329,181.0411156530586,274.7556356383802,2.396838014106059,3.09746140744412,4.5533569150238,42271,0,2383,,,9.7
"   824 Anastasia (1916 ZH)",2.792165368206646,.1375036608023607,8.126727769148777,141.3889389828478,142.0024781684884,2.408232408512661,3.176098327900631,4.66573325931198,38076,0,2053,,,10.41
"   828 Lindemannia (1916 ZX)",3.189756456775856,.027887839529683,1.125666354108604,1.833186057164558,293.3521569234127,3.100801040570521,3.278711872981192,5.69697731446308,40765,0,2631,,,10.33
"   829 Academia (1916 ZY)",2.579592519281017,.09962616628190192,8.283109089063165,352.5008531639195,41.14499626373183,2.322597606015576,2.836587432546458,4.14319014987466,38013,0,1966,,,11.0
"   830 Petropolitana (1916 ZZ)",3.216861950970899,.0624814281881101,3.799826551267889,340.5161993700137,89.23921242926812,3.015867821990247,3.417856079951551,5.76974790479869,37065,0,2343,,,9.10
"   835 Olivia (1916 AE)",3.225632765198397,.08744546165972229,3.691816227338783,308.6441535102798,65.16214194180661,2.943565818900896,3.507699711495897,5.79336091625843,37046,0,2169,,,11.5
"   842 Kerstin (1916 AM)",3.240183060838505,.1191479361746011,14.5305719826912,5.671122638073449,351.6036302367613,2.854121936311695,3.626244185365315,5.8326044271627,37067,0,1785,,,10.6
"   844 Leontina (1916 AP)",3.201968005607981,.06879942103948974,8.778058705696941,348.7018459639256,352.8117611643099,2.981674460635182,3.422261550580779,5.72972376030088,42124,0,1739,,,9.6
"   848 Inna (1915 XS)",3.114157160940809,.1637471363395941,1.053040549993122,207.7886901314384,124.950919311087,2.604222843725311,3.624091478156307,5.49564905547395,40939,0,2721,,,11.2
"   856 Backlunda (1916 S30)",2.435274319290082,.1185952611320557,14.32001358258264,125.5630352151605,73.20367038830994,2.146462325465685,2.724086313114478,3.8004063562967,31771,0,1832,,,10.69
"   860 Ursina (1917 BD)",2.79672886788896,.1061929361646034,13.29655876183785,309.3659300892023,21.63033263386272,2.499736017751524,3.093721718026396,4.67717640485351,41955,0,1767,,,10.26
"   863 Benkoela (1917 BH)",3.201984066144857,.02938832021421335,25.41228877849283,116.9395460943293,96.58215695909041,3.107883133088183,3.29608499920153,5.72976686936145,36867,0,1659,,,9.02
"   872 Holda (1917 BZ)",2.731624714942404,.0790527652764637,7.37519868486697,194.7389250278594,17.6966962598068,2.515682227528675,2.947567202356132,4.51481284954933,42839,0,2441,,,9.91
"   873 Mechthild (1917 CA)",2.626996634293962,.1489351605965627,5.274135896104966,150.0336899240068,110.1947581235062,2.235744468678761,3.018248799909164,4.25791979790206,36772,0,2130,,,11.49
"   877 Walkure (1915 S7)",2.486693086138809,.1607073516376843,4.255023125992798,116.3780337693586,276.0309967409341,2.087063225929701,2.886322946347917,3.92140305252177,35400,0,2586,,,10.71
"   880 Herba (1917 CK)",2.997321726052785,.3232135861967231,15.14753879662729,262.6144260669717,101.0524093236241,2.028546621989912,3.966096830115658,5.18929362234139,36769,0,1788,,,11.46
"   882 Swetlana (1917 CM)",3.125687177253577,.2664277386809211,6.125069572105703,256.3057625695549,126.5789148298752,2.292917410793955,3.958456943713199,5.52619835110841,36678,0,2089,,,10.6
"   885 Ulrike (1917 CX)",3.092393560488492,.1869802933691984,3.30433234669925,149.050074405335,204.308174269971,2.514176905335334,3.670610215641651,5.43813948291148,40730,0,2346,,,10.7
"   888 Parysatis (1918 DC)",2.710272330205039,.1934187220878235,13.84234810539175,123.9656893341325,297.9864354499584,2.186054919586792,3.234489740823284,4.46197979360855,40596,0,1718,,,9.51
"   899 Jokaste (1918 EB)",2.906898944279582,.2006230659104145,12.46726115549113,252.4252776645056,127.6565650261944,2.323707965786465,3.490089922772698,4.95624884585286,36276,0,1686,,,10.14
"   904 Rockefellia (1918 EO)",2.993133199379179,.08823153607135625,15.16093307321912,198.1350734247958,251.2587871779899,2.729044459531781,3.257221939226576,5.17841996501492,38069,0,2052,,,10.4
"   908 Buda (1918 EX)",2.472811639224662,.147649414527925,13.41464930482011,85.5498033828822,23.70165297374073,2.107702448455302,2.837920829994022,3.88861329444108,36012,0,1605,,,10.69
"   910 Anneliese (1919 FB)",2.926912016959104,.153640806761615,9.209388737229364,49.94397735437712,208.2649618084039,2.477218893353241,3.376605140564966,5.00752013049413,36124,0,2263,,,10.5
"   916 America (1915 S1)",2.364457166126341,.2372576651743862,11.09262549432307,329.7837028287386,41.74978902122705,1.80347157948636,2.925442752766323,3.6358451511281,34362,0,2187,,,11.5
"   917 Lyka (1915 S4)",2.381208566129009,.2001427469410136,5.125723571142479,343.4000364736677,359.8781465331,1.904626942664477,2.85779018959354,3.67455165265907,35646,0,2022,,,11.6
"   919 Ilsebill (1918 EQ)",2.775163800108484,.08312903896557501,8.165435503324225,229.8385517238753,154.9385496546621,2.544467100433413,3.005860499783556,4.62318353760986,36249,0,2169,,,11.4
"   923 Herluga (1919 GB)",2.613830090184389,.1966300692212645,14.4771156423067,197.6159667196657,201.1012161983124,2.099872498618808,3.127787681749969,4.22594881058577,35970,0,1854,,,11.50
"   926 Imhilde (1920 GN)",2.981241219294691,.1819528166181787,16.33393556267126,49.01031307335453,174.1773244044233,2.438795982425809,3.523686456163574,5.14758916576902,35805,0,1750,,,10.5
"   930 Westphalia (1920 GS)",2.430837369744255,.1435636027984624,15.33514272903384,340.9845867402344,330.2222330901088,2.081857599126631,2.779817140361878,3.79002485948125,35797,0,2001,,,11.2
"   931 Whittemora (1920 GU)",3.17156556504287,.2313722305028449,11.47547399000554,111.0098499321063,315.2964359506855,2.437753366072886,3.905377764012854,5.64831284478089,41343,0,1771,,,9.26
"   936 Kunigunde (1920 HN)",3.13002633993,.1775253487729738,2.369154341243306,62.18369986137274,254.132741732302,2.574367322265332,3.685685357594668,5.53770976881001,35600,0,2615,,,10.4
"   938 Chlosinde (1920 HQ)",3.149013051180951,.1951941418394539,2.669482208958347,119.0627266612598,226.0377501294923,2.534344151014445,3.763681951347457,5.58817364981046,35567,0,2135,,,11.3
"   942 Romilda (1920 HW)",3.1567378975024,.171443568314224,10.57346780521149,71.34693553298769,319.8024043672479,2.615535488121847,3.697940306882953,5.60874878472256,35567,0,1779,,,11.0
"   946 Poesia (1921 JC)",3.117022755631551,.1435559948186183,1.431443445745708,69.6592853147482,38.18804638868534,2.669555453074592,3.564490058188509,5.50323630503288,35235,0,2364,,,10.42
"   959 Arne (1921 KF)",3.17713752406218,.2207181465118148,4.497329039935262,58.52763462477308,333.6621047710742,2.475885618538039,3.878389429586321,5.66320422222377,36604,0,2067,,,10.7
"   961 Gunnie (1921 KM)",2.692918438204545,.09066206690918489,10.99371767857623,26.62971830682049,285.0090162808772,2.448772886579067,2.937063989830023,4.41919333736907,34957,0,1702,,,11.5
"   979 Ilsewa (1922 MC)",3.156923553113657,.1372633503908224,10.11189280773757,230.6239820265833,115.3314723161074,2.723593649285577,3.590253456941737,5.60924358870754,34821,0,1973,,,9.7
"   981 Martina (1917 S92)",3.093421284120879,.203735277402455,2.065619563236496,46.07887961116604,298.411205919659,2.463182240677853,3.723660327563904,5.44085066860669,40729,0,2406,,,10.57
"   982 Franklina (1922 MD)",3.065489275308358,.2347340827812633,13.65095098102369,299.1881374981214,351.1099220617999,2.345914461993051,3.785064088623666,5.36732513072504,32730,0,1958,,,9.9
"   984 Gretia (1922 MH)",2.802344960224126,.1974108819331746,9.093748801778222,314.2066370086446,55.44836504781104,2.249131570145294,3.355558350302958,4.6912717846329,34907,0,1939,,,9.03
"   986 Amelia (1922 MQ)",3.134188225329635,.2022702347453778,14.81272865981448,92.59762277437821,265.6727108847238,2.500235237256011,3.768141213403259,5.5487583849555,33554,0,1954,,,9.4
"   991 McDonalda (1922 NB)",3.142523620831262,.1582756107201593,2.069564726189379,63.25423767599685,254.6391407162718,2.645138775541668,3.639908466120856,5.57090853836779,29987,0,2552,,,11.12
"  1000 Piazzia (1923 NZ)",3.17009324064349,.2582138942804949,20.57461153818948,323.7420640213598,280.8932369405125,2.35153111974466,3.98865536154232,5.64438015755076,34558,0,1917,,,10.5
"  1003 Lilofee (1923 OK)",3.139836520605116,.1598315112954768,1.840144681267636,139.4479317978704,317.3711878510794,2.637991704296069,3.641681336914163,5.56376473091988,34380,0,2191,,,10.7
"  1006 Lagrangea (1923 OU)",3.142358854116631,.3569891248858565,10.9175216264846,294.5917982714681,86.25036820146349,2.020570916708212,4.26414679152505,5.57047040883736,34235,0,1425,,,11.3
"  1008 La Paz (1923 PD)",3.091083810120637,.07816379119617319,8.936232151056126,20.55242299214667,14.74758096426278,2.849472980616496,3.332694639624778,5.4346849496415,34452,0,1972,,,10.6
"  1010 Marlene (1923 PF)",2.930353776581219,.103348881431818,3.907045762173468,98.74677521811834,279.7554199621873,2.627504991572046,3.233202561590391,5.01635525061583,41645,0,2215,,,10.7
"  1013 Tombecka (1924 PQ)",2.682799139767128,.2091335184367749,11.90067856381061,27.24220633998097,99.91031978925426,2.121735916408475,3.243862363125781,4.39430745604212,40795,0,1622,,,10.12
"  1017 Jacqueline (1924 QL)",2.604643189593332,.07887603447929338,7.92810458208483,118.9512693167402,68.18384607210552,2.399199263564712,2.810087115621953,4.20368881076684,32752,0,1982,,,11.0
"  1022 Olympiada (1924 RT)",2.805138915908561,.1749485223447129,21.05443534894074,111.9668066196161,124.7398749237258,2.314384007598709,3.295893824218414,4.69828937460044,39006,0,1892,,,10.2
"  1024 Hale (A923 YO13)",2.866258783672365,.2244278128549946,16.08959107154478,58.85552031532801,307.9364680625387,2.222990593776359,3.509526973568371,4.85267605142033,32587,0,1981,,,10.7
"  1027 Aesculapia (A923 YO11)",3.152852410744333,.1299747561698323,1.25360930316764,29.35737788530735,132.1787236718978,2.743061187418371,3.562643634070296,5.59839663677242,40106,0,2368,,,10.8
"  1036 Ganymed (1924 TD)",2.66293707774418,.5335457946765225,26.6933559000825,215.5521932920582,132.4535325817723,1.242138198425585,4.083735957062776,4.34559810877033,34159,0,5547,0,1,9.45
"  1039 Sonneberga (1924 TL)",2.679774318512472,.05926108240173368,4.555735048340204,221.7303782802678,327.6734885922726,2.520967991805055,2.83858064521989,4.38687776420275,34032,0,2140,,,11.4
"  1043 Beate (1925 HB)",3.095414050683468,.03957130635179295,8.920048042124236,159.2430601443104,155.2834629868188,2.972924472998228,3.217903628368708,5.44610896851828,33677,0,2198,,,9.6
"  1054 Forsytia (1925 WD)",2.926343840548185,.1343769929769232,10.85615179794607,85.81471925760327,294.4905123709572,2.533110554838779,3.31957712625759,5.00606210063979,40501,0,2309,,,10.4
"  1057 Wanda (1925 QB)",2.895493448970389,.2463844091863965,3.538825893430961,257.891803395087,114.508260969961,2.182089006242738,3.608897891698039,4.92710800417699,33558,0,2292,,,10.96
"  1069 Planckia (1927 BC)",3.126093623141095,.1104547181559246,13.56328049603014,142.3806277085905,31.72370740180627,2.780801833068012,3.471385413214177,5.52727627740839,33147,0,2359,,,9.4
"  1070 Tunica (1926 RB)",3.231057184068412,.07925090736827384,16.96315253355344,165.3065708167503,190.106460405429,2.97499297047221,3.487121397664613,5.80798075676713,41649,0,1890,,,10.7
"  1074 Beljawskya (1925 BE)",3.150006291108695,.1791684463510869,.8004921356214082,38.12103498172053,22.84861497883763,2.585624557934601,3.71438802428279,5.59081773293075,33708,0,2191,,,10.2
"  1081 Reseda (1927 QF)",3.101771040679523,.146582408885848,4.195452042726465,30.4214081944221,8.070382088379572,2.647105969724355,3.556436111634691,5.46289442692191,32816,0,2316,,,11.0
"  1082 Pirola (1927 UC)",3.120149297279718,.1812088704578776,1.852435579344754,148.0099892319482,187.1818541041545,2.55475056745972,3.685548027099716,5.51151844449552,32994,0,2886,,,10.41
"  1087 Arabis (1927 RD)",3.01359305177111,.09414735207532859,10.06076075168202,30.42363493099053,25.71985994464291,2.729871245714251,3.297314857827969,5.23160698644188,33080,0,1962,,,9.73
"  1092 Lilium (1924 PN)",2.899366025470231,.08450794355090158,5.389089801338995,307.4886281808837,316.5483923520938,2.654346565056391,3.144385485884071,4.9369959462947,40780,0,2567,,,10.82
"  1096 Reunerta (1928 OB)",2.600756372277947,.1940005955160315,9.471922884402856,81.34595407961157,247.9628012234376,2.096208087263912,3.105304657291982,4.19428279683237,32757,0,1823,,,10.7
"  1101 Clematis (1928 SJ)",3.229574302571421,.07855336051119534,21.42429503712892,201.9807203008239,107.4678753040478,2.975880388083836,3.483268217059007,5.8039828892927,32629,0,1913,,,10.5
"  1102 Pepita (1928 VA)",3.069158005828093,.1105854505136721,15.82861368484764,216.5868713872134,116.9178454102437,2.72975378505595,3.408562226600235,5.3769633115137,31499,0,1838,,,9.40
"  1105 Fragaria (1929 AB)",3.010143553553362,.1058639661412311,10.96783243052553,116.9044950881798,225.0135924615669,2.691477818319744,3.328809288786981,5.2226270477997,32616,0,2018,,,10.09
"  1112 Polonia (1928 PE)",3.019323884347298,.1069829564046869,8.991118388009562,302.862023286717,87.36092518394607,2.696307688856541,3.342340079838055,5.24653719385191,32582,0,1866,,,10.05
"  1113 Katja (1928 QC)",3.110537417974797,.1420606452149382,13.28109832888399,324.5347333870326,119.1453519626999,2.668652465412089,3.552422370537505,5.48607003252303,39831,0,1693,,,9.3
"  1116 Catriona (1929 GD)",2.922802328555214,.2294470458961549,16.52290682868081,356.516614781898,82.66099316545356,2.252173968529818,3.593430688580611,4.99697721612734,40260,0,1618,,,9.8
"  1127 Mimi (1929 AJ)",2.59731181056859,.2639911854001974,14.74088697981499,128.5163290010851,282.1901273057534,1.911644386842655,3.282979234294525,4.18595290405864,32020,0,1892,,,10.95
"  1128 Astrid (1929 EB)",2.788961133923805,.04615271885240185,1.013848747094111,59.44629308756108,233.6325732759279,2.660242994819543,2.917679273028066,4.65770410779626,35692,0,2702,,,10.9
"  1129 Neujmina (1929 PH)",3.021411800784326,.08270560471278045,8.619574199591899,269.2194936886152,139.8507341724234,2.771524110714127,3.271299490854525,5.25198024595146,33384,0,1674,,,10.20
"  1146 Biarmia (1929 JF)",3.043973615122911,.2553200543996689,17.06727674175319,213.8921380059502,63.80899594820089,2.266786106118572,3.821161124127249,5.31091716586113,32404,0,1958,,,9.80
"  1163 Saga (1930 BA)",3.222387317729587,.04414264843454563,9.013616115952642,127.5992245316192,197.7216849265097,3.080142607243111,3.364632028216062,5.78461969257784,32192,0,1991,,,10.6
"  1186 Turnera (1929 PL)",3.022651527021262,.1009754077201822,10.75165112199902,42.98755693782248,295.4851382010755,2.717438056684259,3.327864997358265,5.25521301558707,32146,0,2328,,,9.20
"  1187 Afra (1929 XC)",2.640987453096187,.2221497266864028,10.69368032104625,327.1978932906488,74.81960556049511,2.05429281220865,3.227682093983724,4.29198019406935,31958,0,1537,,,11.5
"  1191 Alfaterna (1931 CA)",2.892813389377089,.04692877897896269,18.49008733234369,134.7180953934866,53.50707336715283,2.757057189199628,3.02856958955455,4.92026881395524,31764,0,1508,,,10.8
"  1194 Aletta (1931 JG)",2.914039968591964,.09168928582039626,10.8680867079744,291.3030843986587,243.2918958446958,2.646853725019677,3.181226212164251,4.97452317608744,31656,0,1659,,,10.7
"  1197 Rhodesia (1931 LD)",2.886287420624789,.2303330729814249,12.98520926225816,255.7367416358661,277.1627105903468,2.221479969524651,3.551094871724926,4.90362857473063,34007,0,1840,,,10.2
"  1199 Geldonia (1931 RF)",3.017929434391801,.02793195625335492,8.791715392892169,235.6283581073927,291.5365305715205,2.933632761454657,3.102226107328945,5.24290300832273,35208,0,2087,,,10.36
"  1200 Imperatrix (1931 RH)",3.065449472704943,.1050718005480311,4.593584402035147,204.7711736528414,51.62970026863152,2.743357177118822,3.387541768291064,5.36722059627673,37402,0,2273,,,10.9
"  1201 Strenua (1931 RK)",2.698686273636755,.0401077368547316,7.006540674429057,203.1467555512184,163.6864408068093,2.590448074720256,2.806924472553253,4.43339883086012,40509,0,2052,,,11.4
"  1203 Nanna (1931 TA)",2.88831560933325,.2485144756802162,5.994086507928822,224.5350401675847,176.8795819520273,2.170527370080813,3.606103848585686,4.90879813840523,33144,0,1838,,,11.6
"  1210 Morosovia (1931 LB)",3.010033284476513,.06056426418889988,11.27183203017264,106.6200271974607,169.128125822689,2.827732833418095,3.192333735534931,5.22234007361779,41581,0,1835,,,9.91
"  1211 Bressole (1931 XA)",2.927019269675323,.1610664829826956,12.76354701180807,129.7602678456387,211.9007179033183,2.455574570286141,3.398463969064506,5.00779537367829,31523,0,1895,,,11.0
"  1214 Richilde (1932 AA)",2.711216815166444,.1184420305579039,9.833379186158741,285.8993627983291,32.43666687452112,2.390094790295398,3.032338840037491,4.46431238574103,31965,0,2059,,,11.1
"  1227 Geranium (1931 TD)",3.219372499595971,.1918316187240283,16.49044003302252,.7013019199580902,302.8619146198525,2.601795061722855,3.836949937469087,5.77650358411363,31463,0,1886,,,10.8
"  1232 Cortusa (1931 TF2)",3.183636423089473,.1345337181245628,10.36037020745568,261.2109868440003,340.2662390469469,2.755329977934463,3.611942868244483,5.68058940315557,32026,0,2029,,,10.3
"  1233 Kobresia (1931 TG2)",2.555822655295399,.0555180822814921,5.602805829425225,291.4194625894795,335.0628707620812,2.413928282821808,2.697717027768991,4.08605563390712,33019,0,2255,,,11.4
"  1237 Genevieve (1931 XB)",2.61391422678552,.07657949515928171,9.736274707917174,57.85985297929926,305.9872512632102,2.41374199490862,2.814086458662419,4.22615285588622,40083,0,2017,,,10.8
"  1242 Zambesia (1932 HL)",2.739697902430587,.1890274168580614,10.14652830551514,349.9341625606294,53.29197309957414,2.221819884962684,3.25757591989849,4.5348426039645,39966,0,1854,,,10.4
"  1247 Memoria (1932 QA)",3.13149467269709,.1748714208322784,1.778005247241266,161.7260289730827,139.4070834861075,2.583885749953839,3.679103595440341,5.54160693453386,40972,0,2567,,,10.52
"  1255 Schilowa (1932 NC)",3.145002314570662,.1733361290240071,8.547144769678685,237.62280266256,133.6462943580308,2.599859787591441,3.690144841549883,5.57750099414619,41063,0,2215,,,10.3
"  1258 Sicilia (1932 PG)",3.185672019456856,.04305296148382411,7.701378173577859,299.6103919880767,77.69755483752967,3.048519404703083,3.322824634210628,5.68603847167739,31128,0,1759,,,10.7
"  1259 Ogyalla (1933 BT)",3.103771591983218,.1278149603456817,2.381041447856953,74.99960842076023,149.9723448681662,2.70706314903183,3.500480034934606,5.468180388921,32760,0,2603,,,10.6
"  1261 Legia (1933 FB)",3.136346269023596,.1789650382878331,2.427406733537814,67.28082899717357,104.5333902713481,2.575049938903886,3.697642599143307,5.5544902634502,30785,0,2213,,,11.2
"  1263 Varsavia (1933 FF)",2.664758876719208,.1886690639434856,29.27190243614406,158.480238020606,287.4276340352923,2.162001313813501,3.167516439624916,4.3500583118256,30928,0,1595,,,10.2
"  1271 Isergina (1931 TN)",3.147428099257365,.1192985267289419,6.668121051625189,127.018093459804,270.1803188826356,2.771944564030687,3.522911634484042,5.58395524620109,40821,0,2150,,,10.3
"  1276 Ucclia (1933 BA)",3.17682564019661,.09397139946302444,23.27580296830906,114.4606735542719,333.7035741283996,2.878294888937316,3.475356391455903,5.66237034959599,31079,0,1493,,,10.8
"  1277 Dolores (1933 HA)",2.699792106920921,.2370791320852245,6.968561170608063,247.0407718581258,47.02614937806234,2.059727737401569,3.339856476440273,4.43612410254175,30699,0,2270,,,11.05
"  1284 Latvia (1933 OP)",2.647842938021549,.1703533738256214,10.8703392152008,302.8093580291315,114.9279646976833,2.196773960169232,3.098911915873865,4.30870274137384,30893,0,1791,,,10.24
"  1285 Julietta (1933 QF)",2.991795658020847,.05326031778631522,5.693000211897142,317.8899513457854,70.84933660731406,2.832451670522939,3.151139645518755,5.17494923222733,30835,0,1937,,,10.8
"  1288 Santa (1933 QM)",2.884692435988932,.06556887945517607,7.571942932294753,298.9573569935869,55.16367007890477,2.695546385388315,3.073838486589549,4.89956446200625,30865,0,2114,,,11.41
"  1294 Antwerpia (1933 UB1)",2.685909127201298,.234127571531857,8.727426031618519,81.13328851161815,313.19408573,2.057063745894409,3.314754508508187,4.40195070479843,36902,0,1822,,,10.7
"  1298 Nocturna (1934 AE)",3.126580031023868,.1491808240841358,5.487741144786097,299.9712492476449,58.71327996626123,2.660154245430724,3.593005816617012,5.52856636128948,41474,0,2043,,,11.0
"  1302 Werra (1924 SV)",3.113376576434769,.1750731124208012,2.595758127284003,90.1393375998048,354.5789051132218,2.568308049060315,3.658445103809222,5.49358290268248,34003,0,1948,,,10.9
"  1304 Arosa (1928 KC)",3.19718872947646,.1174900142265411,18.99293528020072,86.58021890151285,148.341290599661,2.821550980165334,3.572826478787587,5.7169002197179,39849,0,1731,,,9.2
"  1308 Halleria (1931 EB)",2.909259670368776,.01186432608343127,5.576003199770177,354.1401701230636,164.036546428413,2.874743264978145,2.943776075759406,4.9622876115724,42645,0,2248,,,10.9
"  1312 Vassar (1933 OT)",3.094494075715394,.2152188960777443,21.89613687554178,129.4376996138907,261.3730253274326,2.428500476820807,3.760487674609982,5.44368122627477,30895,0,1696,,,10.6
"  1320 Impala (1934 JG)",2.992198385631196,.2289194279588284,19.79954381508635,71.90146255496209,205.7556804211131,2.307226042853172,3.677170728409219,5.1759941724455,30575,0,1701,,,10.9
"  1321 Majuba (1934 JH)",2.93923654949806,.1698286335935147,9.510029339205325,317.7053397270183,345.6327277228213,2.440070022488687,3.438403076507432,5.03918162189487,40119,0,1778,,,10.28
"  1331 Solvejg (1933 QS)",3.098305636800998,.190249291397209,3.100826582336305,121.3362520131917,185.1675997253216,2.50885518486763,3.687756088734367,5.45374198787578,33582,0,2697,,,10.14
"  1332 Marconia (1934 AA)",3.062555300184455,.1318622443097097,2.456828678617129,13.65217482412472,348.943868132912,2.658719884979536,3.466390715389374,5.35962138668961,40916,0,2263,,,10.6
"  1337 Gerarda (1934 RA1)",2.910557734368298,.09850995541516776,17.97981296826158,160.2767659115142,202.0201940416067,2.623838821722406,3.197276647014192,4.96560911914913,30337,0,2159,,,11.2
"  1347 Patria (1931 VW)",2.571415716764176,.0686492262714523,11.86883503616441,229.2033678949885,201.5920992562003,2.394890017386063,2.747941416142288,4.12350611848208,43537,0,2117,,,11.3
"  1353 Maartje (1935 CU)",3.009306451590357,.09617881724698964,9.203256767204069,211.7920555794533,98.41042290628185,2.719874916342661,3.298737986838053,5.22044862973703,35630,0,1984,,,9.9
"  1354 Botha (1935 GK)",3.125027671357372,.2172333683155369,5.957549032666209,28.71863709405412,250.3336869588651,2.446167384229151,3.803887958485592,5.52444943897984,31579,0,2538,,,11.0
"  1357 Khama (1935 ND)",3.181968639335284,.1581541638136502,13.98386761517829,83.73747478661883,283.8351608426103,2.678727049899954,3.685210228770614,5.6761262268115,30190,0,1826,,,11.03
"  1359 Prieska (1935 OC)",3.1179096272418,.0683103099121328,11.10479269371501,64.03178412225749,343.0923819951338,2.90492425432689,3.330895000156709,5.50558518643878,41524,0,1672,,,10.3
"  1360 Tarka (1935 OD)",2.635266038099496,.2137005704706874,22.82296486379616,331.4162065824567,288.0179765023942,2.072108182415605,3.198423893783386,4.27804058101535,30139,0,1565,,,11.5
"  1369 Ostanina (1935 QB)",3.119107350051482,.2103963731553061,14.36680199338996,180.4663162054473,127.781494910978,2.462858476118593,3.775356223984371,5.50875788817571,32764,0,2083,,,10.7
"  1408 Trusanda (1936 WF)",3.108691108398549,.09423733356170548,8.354862308436681,201.5060522963109,187.6845231359743,2.815736347476087,3.401645869321011,5.48118623959335,29529,0,1956,,,11.2
"  1409 Isko (1937 AK)",2.675772701814929,.05615819631159859,6.709058878829931,177.5538463268608,207.8164861490049,2.52550613314119,2.826039270488669,4.37705526825574,42741,0,2361,,,11.1
"  1421 Esperanto (1936 FQ)",3.091634191312909,.08442643862782417,9.809493985448528,42.61998583924192,164.1100010486765,2.830618527000346,3.352649855625471,5.43613651891727,40645,0,2148,,,10.4
"  1427 Ruvuma (1937 KB)",2.74854491915905,.2120715448059511,9.346490464024411,78.44627443405155,241.7794104782596,2.165656752184442,3.331433086133658,4.55682615894621,32233,0,1847,,,11.1
"  1438 Wendeline (1937 TC)",3.159082014192702,.2372426311408886,2.041477846013615,238.3449123231412,129.5915987730403,2.409613085155767,3.908550943229637,5.61499732476345,29355,0,2137,,,11.5
"  1456 Saldanha (1937 NG)",3.204835716650523,.2199755872347466,10.43671293679752,282.4572008564145,65.18791611609353,2.499850097889434,3.909821335411611,5.73742287089514,33322,0,1575,,,10.93
"  1461 Jean-Jacques (1937 YL)",3.124612757898839,.04821207568556248,15.3149503995495,104.6418634887305,335.3397119356487,2.973968691126946,3.275256824670731,5.52334924439961,30037,0,1813,,,10.01
"  1463 Nordenmarkia (1938 CB)",3.156007711154049,.1921101560897639,7.250804611904536,329.272667724491,79.26362593353579,2.549706577143746,3.762308845164352,5.60680285426106,28991,0,1955,,,10.6
"  1470 Carla (1938 SD)",3.15982453922904,.06916118839728612,3.211932875955697,358.4273577617708,341.7457318347923,2.941287318969052,3.378361759489027,5.61697710293431,32139,0,2506,,,11.1
"  1481 Tubingia (1938 DR)",3.017258666052559,.04248150250241247,3.50865928092548,353.6931348143989,312.9244777106755,2.889080984480222,3.145436347624897,5.24115516530531,30783,0,2518,,,10.34
"  1484 Postrema (1938 HC)",2.739311645596027,.2036334419234437,17.30174931437296,72.76416725775911,126.8471149971574,2.181496186702335,3.297127104489718,4.53388361928491,31054,0,1687,,,10.9
"  1498 Lahti (1938 SK1)",3.101838820470403,.2391400227669625,12.64230695035377,265.2002062730767,96.57865538469119,2.360065014323663,3.843612626617144,5.46307349036331,24989,0,1533,,,11.8
"  1502 Arenda (1938 WB)",2.731076119478512,.08866918215421513,4.095183174618595,204.3493770745991,274.5066005121868,2.488913833563445,2.973238405393579,4.51345284492814,40411,0,2172,,,11.5
"  1517 Beograd (1938 FD)",2.715971405500616,.04537484566366843,5.277492635559788,63.88943070595388,231.8278650886698,2.592734622149089,2.839208188852143,4.47606095535467,31482,0,2011,,,11.1
"  1519 Kajaani (1938 UB)",3.123281111064503,.2411531005987618,12.60580345258334,15.8688243225486,339.4100067696658,2.370092187089753,3.876470035039254,5.51981871082813,24969,0,1718,,,11.6
"  1524 Joensuu (1939 SB)",3.108408125121473,.1219758585128208,12.68752851228399,347.7137441568494,2.673831812331944,2.729257375451553,3.487558874791392,5.48043783036369,31729,0,1857,,,10.7
"  1540 Kevola (1938 WK)",2.849059344899691,.08558727217755295,11.97280476406882,52.46695628640001,113.2903307461131,2.605216127297761,3.092902562501622,4.80906276835993,33320,0,2112,,,10.7
"  1542 Schalen (1941 QE)",3.093821673351769,.1161162074881987,2.766273019948776,211.657480541422,163.993982251366,2.734578833997369,3.453064512706169,5.44190703709184,43527,0,2377,,,10.6
"  1548 Palomaa (1935 FK)",2.787825503756373,.0789848043524646,16.54532974761489,116.9331763664285,88.65631998238632,2.567629651773365,3.008021355739381,4.65485955893494,25135,0,1357,,,11.6
"  1564 Srbija (1936 TB)",3.180320536476394,.1959739378177824,10.97906650038234,177.4704285499359,230.7862088717455,2.557060597420353,3.803580475532435,5.67171686763122,30989,0,2001,,,10.88
"  1569 Evita (1948 PA)",3.146157188394896,.1335686082628908,12.2678723768038,99.51047921786665,249.6533904809444,2.7259293513647,3.566385025425092,5.58057344078502,25433,0,1959,,,11.1
"  1572 Posnania (1949 SC)",3.106059117656984,.2072137869342859,13.29278788433055,6.101179229542847,354.2994849936302,2.462440845445514,3.749677389868455,5.47422669764465,32561,0,2077,,,10.1
"  1582 Martir (1950 LY)",3.154159157734973,.1274678462557211,11.60860963822746,93.91382618443603,128.0697745671238,2.752105283150737,3.55621303231921,5.60187750662113,24490,0,1918,,,11.3
"  1596 Itzigsohn (1951 EV)",2.889999505478887,.1304225091830307,13.28194583119345,249.090639875819,160.6944234406779,2.513078518436613,3.266920492521161,4.91309152875507,30396,0,2069,,,10.7
"  1599 Giomus (1950 WA)",3.129045218040345,.1436130684953989,6.089930353430765,43.43133065932716,356.4758371571219,2.679673432816716,3.578417003263973,5.53510624000676,24573,0,1981,,,11.1
"  1603 Neva (1926 VH)",2.754980026444112,.09534083364956353,8.556897060849481,130.0075814817162,257.3530398437946,2.492317934035034,3.01764211885319,4.57283871636951,40263,0,2018,,,10.9
"  1604 Tombaugh (1931 FH)",3.02390533094104,.1017950105280614,9.393469160505656,309.0926251249413,38.18839903658122,2.716086855942036,3.331723805940044,5.25848316922029,35744,0,1980,,,10.5
"  1614 Goldschmidt (1952 HA)",2.997885929027236,.07000739929008692,14.07153288100255,162.3894351563508,342.9324756746804,2.788011731767693,3.207760126286779,5.19075890682207,32670,0,1996,,,10.7
"  1633 Chimay (1929 EC)",3.193892714308321,.1240437406847667,2.676046149210734,114.079096575568,65.6147872593549,2.797710314679694,3.590075113936948,5.70806208054025,36955,0,2259,,,10.6
"  1639 Bower (1951 RB)",2.572457214642719,.1506905248370376,8.43853895271139,324.1974328766649,106.2620134262041,2.184812286847384,2.960102142438054,4.126011581336,40609,0,1806,,,10.98
"  1650 Heckmann (1937 TG)",2.435668248039061,.1627077183559907,2.750035111013341,199.7591904023586,56.95972648332003,2.039366224728492,2.83197027134963,3.80132852131739,40753,0,2706,,,11.56
"  1655 Comas Sola (1929 WG)",2.780035535347043,.2356898095832788,9.600577928288274,111.1332959361558,323.5130916868297,2.12480948938635,3.435261581307736,4.63536271486123,42512,0,1935,,,11.04
"  1669 Dagmar (1934 RS)",3.140101495828298,.1105418249670403,.9407245473965342,18.98625727219479,178.2752801270416,2.792988945897705,3.48721404575889,5.56446904668357,30395,0,2377,,,10.97
"  1674 Groeneveld (1938 DS)",3.198812078265818,.1226168286078233,2.662001862568274,95.65569613392363,.6176114341061805,2.806583885916463,3.591040270615173,5.72125484268453,29269,0,2198,,,11.06
"  1678 Hveen (1940 YH)",3.158282182001006,.1104626078337418,10.1964379830105,351.5962915311475,121.5349052464403,2.809410095902334,3.507154268099677,5.6128650100669,36009,0,1545,,,10.9
"  1684 Iguassu (1951 QE)",3.098033189271401,.1250616327965463,3.666616167280284,105.3982499291523,154.3117170209803,2.710588100163228,3.485478278379574,5.45302264670636,35070,0,2630,,,11.0
"  1687 Glarona (1965 SC)",3.157726730390063,.1763099916529797,2.636640466185661,93.56891265498437,316.5944713112374,2.600987956912601,3.714465503867526,5.61138436125972,39576,0,2289,,,10.25
"  1690 Mayrhofer (1948 VB)",3.038066491179942,.09835292974692865,13.04964365468992,230.4521447198804,156.3637528937973,2.739263751006423,3.33686923135346,5.29546514913633,31098,0,1925,,,11.1
"  1691 Oort (1956 RB)",3.161789243472699,.1751531724323135,1.086016017369354,174.54666113256,232.6861805762434,2.607991826916091,3.715586660029306,5.6222166726652,26187,0,1981,,,10.95
"  1692 Subbotina (1936 QD)",2.785527554244416,.1385200745496141,2.427719649305282,199.6612281656361,112.1409962151983,2.399676069770476,3.171379038718357,4.64910538188261,32080,0,2368,,,11.3
"  1693 Hertzsprung (1935 LA)",2.795146005209405,.2737632009265543,11.94211099781464,69.99115053951685,234.9181947659456,2.029937887766207,3.560354122652603,4.67320625934762,30275,0,1847,,,10.97
"  1702 Kalahari (A924 NC)",2.856295660572762,.1438089789237505,9.964888695038759,103.8727379692636,242.1484509743501,2.445534698121453,3.26705662302407,4.82739617936826,25434,0,2124,,,11.03
"  1721 Wells (1953 TD3)",3.150776072836234,.04683413767865551,16.10310755768056,317.190233392329,137.8864334789258,3.003212192446408,3.298339953226059,5.59286723943347,41054,0,1615,,,10.8
"  1723 Klemola (1936 FX)",3.01401425420139,.04205013154585215,10.93356639069448,149.8236226708067,1.447967866845294,2.887274558331148,3.140753950071632,5.23270383787506,31735,0,2227,,,10.06
"  1724 Vladimir (1932 DC)",2.711162853527431,.05744425059043086,12.23109845727759,164.0084264659324,298.2974761807945,2.555422135177934,2.866903571876929,4.46417910587198,31174,0,2118,,,11.30
"  1760 Sandra (1950 GB)",3.147255285171779,.1290287266823256,8.443311319098473,232.6083376902182,332.6712051896507,2.741168943181845,3.553341627161714,5.58349535982246,29894,0,1881,,,11.0
"  1765 Wrubel (1957 XB)",3.174090024118829,.1769151973223462,19.9450506729378,70.18462611237163,265.3036347250693,2.612545261182956,3.735634787054702,5.6550579859566,36371,0,1610,,,9.92
"  1771 Makover (1968 BD)",3.121685930659211,.1753421875544193,11.24954167118888,86.33498808730248,316.6545225570243,2.574322690719572,3.66904917059885,5.51559047361745,29034,0,1808,,,10.4
"  1776 Kuiper (2520 P-L)",3.104927539256638,.01363488156462716,9.490113235021241,176.6827658807163,308.5275538864142,3.062592219992124,3.147262858521151,5.47123547038463,32167,0,2137,,,11.2
"  1794 Finsen (1970 GA)",3.131728126502805,.1509139228892216,14.58107405356351,221.0691555013696,340.9069247376275,2.659106749509754,3.604349503495855,5.54222663860899,24616,0,1938,,,11.08
"  1815 Beethoven (1932 CE1)",3.154602281461997,.1899003562166214,2.739293814306817,110.8141804847416,358.6093203876629,2.555542184490597,3.753662378433396,5.60305804883421,31206,0,1965,,,11.36
"  1838 Ursa (1971 UC)",3.216828605824123,.01527173177769069,21.96879006039491,44.19568034662293,51.7617398372437,3.167702062181174,3.265955149467072,5.76965819349225,23128,0,1695,,,10.8
"  1859 Kovalevskaya (1972 RS2)",3.209062132422298,.09906431769435763,7.701116720481804,343.2964304621249,244.9519092822093,2.891158581835083,3.526965683009513,5.7487760553375,37135,0,1800,,,10.7
"  1889 Pakhmutova (1968 BE)",3.092383909294148,.11235123167085,13.18618554274288,55.14537114891445,84.78313999678758,2.744950768285832,3.439817050302463,5.43811402471912,18755,0,1817,,,11.1
"  1910 Mikhailov (1972 TZ1)",3.046866949532377,.0525633444538128,10.36391488254707,200.8495387388826,329.1758403916332,2.886713432559168,3.207020466505585,5.31849110318859,37237,0,1978,,,11.4
"  1930 Lucifer (1964 UA)",2.897994193613371,.1413900732666869,14.05710833655834,318.5317657226477,341.4032872052388,2.488246582251943,3.307741804974798,4.93349245946358,22930,0,1740,,,11.0
"  1936 Lugano (1973 WD)",2.675866020181584,.135638027683393,10.25513548323546,265.1684582666714,255.1918281584192,2.312916830859143,3.038815209504024,4.37728424690331,22800,0,1705,,,11.7
"  1939 Loretta (1974 UC)",3.121797719309885,.1257708374641028,.9057776085343884,40.46796236555238,189.3489260303446,2.729166605758754,3.514428832861015,5.51588674906782,24578,0,2208,,,11.1
"  1940 Whipple (1975 CA)",3.060166939410852,.06355675461093757,6.559039667949321,263.800682376744,179.7981492995623,2.865672660174213,3.254661218647491,5.35335298715922,20216,0,2017,,,11.1
"  1947 Iso-Heikkila (1935 EA)",3.153293517725031,.03731536963115203,11.91291509199849,90.90731330424411,144.2872073139517,3.035627204555606,3.270959830894456,5.5995715624691,30276,0,1730,,,11.4
"  1952 Hesburgh (1951 JC)",3.109072488095049,.1425014287014421,14.26381749050688,78.14124278312204,339.3784685481739,2.666025216605157,3.552119759584941,5.48219493289104,28210,0,1851,,,10.32
"  1958 Chandra (1970 SB)",3.104917427928505,.1669590848948991,10.55351973860098,345.0281893372746,318.7587597205876,2.586523255487338,3.623311600369671,5.47120874444108,23119,0,1999,,,11.2
"  1963 Bezovec (1975 CB)",2.421405406943849,.2108999931598785,25.0555815191576,106.8754110089969,355.654289749831,1.910731023182098,2.9320797907056,3.76798759238446,17043,0,1691,,,10.91
"  1984 Fedynskij (1926 TN)",3.01056070919465,.08982093266079996,4.793133969487603,185.7122830799254,127.5403661157797,2.740149338462827,3.280972079926472,5.22371273878548,33406,0,2510,,,11.2
"  1985 Hopmann (1929 AE)",3.122514858648719,.154289708247971,17.1565935388216,305.1451752907437,234.2725696740889,2.640742952107854,3.604286765189585,5.51778752238666,32565,0,1693,,,10.8
"  1999 Hirayama (1973 DR)",3.117407542012832,.1158383136530159,12.5230302162181,147.9668728611156,357.0617049763932,2.756292309376872,3.478522774648791,5.50425537157472,28445,0,1969,,,10.9
"  2025 Nortia (1953 LG)",3.165036873919097,.1120737849983493,7.020714510123679,329.0471857467186,310.0186916579919,2.81031921179964,3.519754536038553,5.63088118276582,30340,0,1911,,,10.7
"  2032 Ethel (1970 OH)",3.069709124466125,.1262876450580467,1.50835551247313,30.1527493384049,296.0732491100305,2.6820427881241,3.45737546080815,5.37841166203047,23807,0,2199,,,11.4
"  2040 Chalonge (1974 HA)",3.118923497166931,.1843972149290411,14.67103830172567,38.78955949310328,89.86554281414199,2.543802690712604,3.694044303621258,5.50827083243048,16551,0,1406,,,11.4
"  2043 Ortutay (1936 TH)",3.106005792732532,.1113285382094904,3.074265443565917,321.2146648414763,60.28858217080658,2.76021870815741,3.451792877307654,5.4740857256954,39880,0,1936,,,10.7
"  2068 Dangreen (1948 AD)",2.772799777151123,.0978231219496469,12.89269539878591,95.9840098739577,319.601474279344,2.501555846408915,3.044043707893331,4.61727740830964,31603,0,1519,,,11.1
"  2069 Hubble (1955 FT)",3.157990459415347,.1868202083727545,9.106942339492759,46.40512836692969,69.95840863963456,2.568014023748201,3.747966895082492,5.61208735867851,22727,0,1743,,,11.3
"  2104 Toronto (1963 PD)",3.189978068103435,.1214055219514068,18.38742305846625,252.4569275054361,291.6943027874377,2.802697115731798,3.577259020475073,5.69757102905445,22948,0,1665,,,9.8
"  2127 Tanya (1971 KB1)",3.210024411800356,.03190676289546173,13.09393192533852,106.3899161187191,185.7190633923519,3.107602924004398,3.312445899596314,5.75136201804411,23456,0,1754,,,11.0
"  2132 Zhukov (1975 TW3)",2.780465178255325,.08297703295264103,5.868397136931842,82.44397177343814,337.2511452554386,2.549750427535562,3.011179928975088,4.6364373203673,32263,0,2119,,,11.5
"  2137 Priscilla (1936 QZ)",3.186514938779793,.05252995003477873,11.66325767979962,319.7926699044921,136.92806598,3.019127468260615,3.353902409298972,5.68829538420654,41320,0,1873,,,11.1
"  2140 Kemerovo (1970 PE)",2.987818136824245,.05825499690029087,6.985410352733856,274.7415149632695,119.5998525175488,2.813762800524916,3.161873473123574,5.16463270506974,24138,0,1934,,,11.3
"  2145 Blaauw (1976 UF)",3.216681229759284,.09665492617734421,15.0132584367465,264.3391866831963,279.0902733283713,2.905773142960851,3.527589316557716,5.769261700602,15101,0,1681,,,10.9
"  2152 Hannibal (1978 WK)",3.126549818041277,.2202867089476214,13.96373496013316,250.9306964147023,142.2044724619074,2.43781244826418,3.815287187818374,5.52848622545061,28685,0,1745,,,10.8
"  2184 Fujian (1964 TV2)",3.178317932511501,.09888284300871163,5.194002911943676,256.5497422912921,120.3627035983922,2.864036819359193,3.492599045663809,5.66636060824964,31940,0,2002,,,11.6
"  2219 Mannucci (1975 LU)",3.150125288248132,.1187383833457412,7.584645209424276,72.57507256655352,294.4318441589673,2.776084504185012,3.524166072311252,5.59113454067919,31550,0,1573,,,11.0
"  2235 Vittore (A924 GA)",3.205933720694291,.2143841758328514,18.78093415085144,205.0468470797682,274.5270620951817,2.518632262208499,3.893235179180083,5.74037165842584,34058,0,1730,,,10.6
"  2239 Paracelsus (1978 RC)",3.194086547231029,.104830874045461,10.93812634832188,20.09045965372944,3.077745443730803,2.859247662707951,3.528925431754106,5.70858170999003,28891,0,1661,,,10.9
"  2249 Yamamoto (1942 GA)",3.190505052341674,.08092934595342997,4.104439600417751,147.9142669353706,112.0885219368745,2.932299565194549,3.4487105394888,5.69898294509219,27600,0,2296,,,11.1
"  2264 Sabrina (1979 YK)",3.126337283618845,.1768760616870436,.1587315415634599,240.1094633803991,79.02606242261045,2.573363057386974,3.679311509850717,5.52792251766082,30870,0,2487,,,10.8
"  2271 Kiso (1976 UV5)",2.759957930329519,.05910762722547334,3.388307529955711,136.470795771162,179.607731349019,2.596823365825613,2.923092494833425,4.5852381335204,32843,0,2507,,,11.0
"  2291 Kevo (1941 FS)",3.043135928675553,.06526181954728778,24.49536068029919,169.5027406590899,296.6899896119453,2.844535340840461,3.241736516510645,5.30872500958599,39638,0,1656,,,10.8
"  2307 Garuda (1957 HJ)",3.047277653111963,.0551973199451967,7.709629825530004,251.5313181184318,340.3214358535115,2.879076093531294,3.215479212692632,5.31956650144742,23013,0,1896,,,11.2
"  2320 Blarney (1979 QJ)",3.164974315812057,.1321018936742533,11.49090928452072,118.0937863342558,261.028381687465,2.74687521526291,3.583073416361204,5.63071423896335,27557,0,1882,,,10.5
"  2326 Tololo (1965 QC)",2.859789824275445,.158232724879397,15.14768562874312,155.8234027940507,259.69399694,2.407277487797969,3.312302160752921,4.83625706359465,19023,0,2021,,,10.8
"  2330 Ontake (1977 DS3)",3.183119412285379,.03694639162699012,8.652410352721692,140.453577607638,130.4182197898557,3.065514635883609,3.300724188687149,5.67920569920902,16547,0,1855,,,11.5
"  2332 Kalm (1940 GH)",3.07470705363172,.06001971120634413,14.55206647310927,61.18990037706462,243.4268021277085,2.890164024228635,3.259250083034805,5.3915522518827,30136,0,1724,,,11.0
"  2356 Hirons (1979 UJ)",3.233641059368638,.04025842994569725,15.6018449445619,189.0886995001975,357.2602623466017,3.103459747310515,3.36382237142676,5.81494910972074,17252,0,1762,,,10.7
"  2375 Radek (1975 AA)",3.181414980263547,.210602327806144,14.97692335581586,110.7230949593129,101.5854827222053,2.511401579702707,3.851428380824388,5.67464483160019,29449,0,1842,,,10.61
"  2376 Martynov (1977 QG3)",3.20325584966766,.1172327618928938,3.838156536600723,61.19367902799532,300.9198970343646,2.827729319361552,3.578782379973768,5.73318088383103,24378,0,2065,,,10.8
"  2378 Pannekoek (1935 CY)",2.888722734218376,.1428130098008046,14.24677059723014,181.1629997920552,265.1524565126244,2.47617554606464,3.301269922372112,4.90983606045308,36289,0,1817,,,11.0
"  2379 Heiskanen (1941 ST)",3.1635785641071,.2764903196934216,.4692573550748765,151.3417744339997,176.8438489757992,2.288879715541873,4.038277412672328,5.62698993742607,27916,0,2253,,,10.90
"  2393 Suzuki (1955 WB)",3.225184040010324,.1917300789479106,10.28679428505209,223.9685696667096,113.9110089504827,2.606819249397603,3.843548830623045,5.7921520666727,23895,0,1857,,,10.6
"  2414 Vibeke (1931 UG)",3.198981219343198,.1292053586021683,16.75488450705964,357.0479379894065,47.10732150068446,2.785655703736359,3.612306734950038,5.72170862614055,31501,0,1309,,,11.6
"  2421 Nininger (1979 UD)",3.237221474912496,.04283282413627963,10.20579185315349,77.41283827927302,280.472844055164,3.098562136787382,3.375880813037611,5.8246095957941,19938,0,2069,,,10.7
"  2443 Tomeileen (A906 BJ)",3.005045587194731,.05835296848917117,11.44427503027821,118.7680981944635,68.44105657523816,2.829692256736634,3.180398917652828,5.20936513830923,40821,0,1907,,,10.2
"  2448 Sholokhov (1975 BU)",2.791763338648495,.1176920591174513,17.68253087544721,131.105625678351,72.84014246056215,2.463194962754343,3.120331714542647,4.66472560311435,23304,0,1768,,,10.7
"  2494 Inge (1981 LF)",3.157761050884891,.06724113436930083,11.54193196702595,283.2654908889601,97.20689067452945,2.945429615756195,3.370092486013586,5.61147584448215,30224,0,1673,,,10.7
"  2524 Budovicium (1981 QB1)",3.115510356142972,.1592541670298732,.2895419049067691,278.5954474121419,19.8990027708851,2.619352349502479,3.611668362783465,5.49923148244754,25372,0,2226,,,11.1
"  2534 Houzeau (1931 VD)",3.150013386884823,.1711891518692693,.8102149318044278,167.9473820790793,200.7654393216505,2.610765266807166,3.689261506962481,5.590836623947,31558,0,2404,,,11.3
"  2617 Jiangxi (1975 WO1)",3.158206398549172,.2353878381080759,12.95980996567382,73.23789017959913,349.7809894325455,2.41480302209559,3.901609775002754,5.61266298897966,16490,0,1770,,,10.3
"  2621 Goto (1981 CA)",3.080583241807359,.1756090198143104,13.04461191517447,95.74594833347065,272.5689042336999,2.539605038257178,3.62156144535754,5.40701563129308,17076,0,1941,,,10.9
"  2632 Guizhou (1980 VJ1)",3.038967060595801,.1087799142755381,10.45166720793901,18.28744353561153,312.1708397095869,2.708388484258006,3.369545636933597,5.29781991360466,25341,0,1820,,,11.5
"  2666 Gramme (1951 TA)",3.176829081726207,.2245964319707405,13.44582825332206,200.4675250433066,207.9712538463352,2.463324604989617,3.890333558462797,5.66237955086605,30193,0,1370,,,11.6
"  2725 David Bender (1978 VG3)",3.038686228575384,.1492147219756091,15.5571462348432,61.53896941327115,28.31057704983789,2.585269507807396,3.492102949343372,5.29708557045385,41345,0,1693,,,10.8
"  2731 Cucula (1982 KJ)",3.1899269794692,.1889919729478749,13.34697564650518,150.6910508132069,132.9735145357382,2.587056386059661,3.792797572878739,5.69743415666034,19619,0,1971,,,10.8
"  2774 Tenojoki (1942 TJ)",3.183489688469698,.1411591082195054,8.527465758377819,290.9389796173099,108.3340458150331,2.734111123019324,3.632868253920071,5.68019667794571,27588,0,1745,,,11.3
"  2813 Zappala (1981 WZ)",3.135399438402496,.1527672261741446,14.76468537604656,231.7790435122093,247.7669594111946,2.656413163249776,3.614385713555216,5.55197518822891,24935,0,1548,,,10.9
"  2826 Ahti (1939 UJ)",3.227067688997554,.04863551387348188,15.4617572086092,33.67080140791129,150.351467910107,3.070117593638649,3.38401778435646,5.79722711391926,28622,0,1846,,,11.0
"  2829 Bobhope (1948 PK)",3.09089786553715,.1882804623044236,14.2930624457101,323.9816124997392,339.2169201264486,2.508942186478059,3.672853544596241,5.43419457065448,25167,0,1759,,,10.8
"  2951 Perepadin (1977 RB8)",3.132514796503311,.1138429704299111,14.76504452078219,24.86811962975136,119.3477363067178,2.775900007153726,3.489129585852896,5.5443150273707,30810,0,1917,,,10.2
"  2967 Vladisvyat (1977 SS1)",3.199507574041951,.1348445143725923,17.99613372961785,32.43232154557831,359.9795874111836,2.768071528988834,3.630943619095069,5.72312084391857,25341,0,1565,,,11.1
"  2983 Poltava (1981 RW2)",2.847111903071739,.06008990216441326,4.268407457230261,247.7700468665425,86.19703070751663,2.676029227365022,3.018194578778456,4.80413284152726,30864,0,2150,,,11.4
"  3025 Higson (1982 QR)",3.199230158911953,.08623666842797559,21.01814862275487,293.4066778957867,114.5069703165696,2.923339208473083,3.475121109350823,5.72237652036542,13004,0,1401,,,10.3
"  3036 Krat (1937 TO)",3.21042862666586,.09957438419336444,22.88627491606533,23.70944053040924,319.7551552666565,2.890752173168859,3.530105080162862,5.7524483925902,31439,0,1477,,,10.4
"  3089 Oujianquan (1981 XK2)",2.928281490906309,.1867983734478104,16.70010920896893,88.22744332596999,184.4820048970784,2.381283271407681,3.475279710404937,5.01103499722865,19618,0,1816,,,11.2
"  3118 Claytonsmith (1974 OD)",3.036567012802545,.05779482409033098,13.26049898343789,304.9077343575589,258.5407838694246,2.86106915645912,3.212064869145971,5.29154516138025,28887,0,1676,,,11.0
"  3139 Shantou (1980 VL1)",3.196009939902817,.02119778679027711,20.56696200829057,252.7586953060644,111.5078508722106,3.128261602617151,3.263758277188483,5.71373881680624,19527,0,1403,,,10.7
"  3150 Tosa (1983 CB)",3.202449053100707,.1188114178699172,22.0588533291064,350.3194924323694,272.0280241150713,2.821961540445639,3.582936565755776,5.73101501591156,18937,0,1526,,,11.1
"  3152 Jones (1983 LF)",2.625387586696026,.09058132464518216,11.30725183645348,301.4042202008104,289.6338091569981,2.387576501386082,2.86319867200597,4.25400840361482,13384,0,1584,,,11.7
"  3156 Ellington (1953 EE)",2.855320791207405,.1975510109597018,15.8112858037847,6.953381524086653,119.3271329930551,2.291249282290126,3.419392300124684,4.82492496509288,23604,0,1383,,,11.6
"  3157 Novikov (1973 SX3)",3.149345004231734,.1464922664570402,7.599113042724268,41.65741706010652,322.3339986258162,2.68799031670667,3.610699691756798,5.58905728865865,24110,0,1756,,,11.6
"  3162 Nostalgia (1980 YH)",3.154138448941444,.1557559410509643,17.91424763082717,128.6631114810497,315.8298853369946,2.66286264662154,3.645414251261347,5.60182233759107,13466,0,1476,,,11.4
"  3171 Wangshouguan (1979 WO)",3.179970362478592,.1449788978647696,11.42246335694688,31.73359751688015,25.57390544902772,2.718941764083814,3.64099896087337,5.67078015398435,27497,0,1489,,,11.0
"  3176 Paolicchi (1980 VR1)",2.874779179179936,.03168255711955791,18.11490192230893,53.20972685459161,25.5542801023392,2.783698823629452,2.96585953473042,4.87433011400673,41864,0,1682,,,11.2
"  3222 Liller (1983 NJ)",3.089691969515593,.06284477312458546,15.97750901082912,150.8283577600851,129.4476099976594,2.895520978666532,3.283862960364654,5.43101470123031,15747,0,1919,,,11.5
"  3248 Farinella (1982 FK)",3.203167063677046,.1511973930817655,10.90060614173479,12.07670015152382,316.7763503787854,2.718856554043703,3.687477573310389,5.73294252200132,30574,0,1796,,,10.8
"  3278 Behounek (1984 BT)",3.216878233398559,.01438556738257518,9.719687946409953,78.22828427730364,80.98232190938739,3.170601614810464,3.263154851986653,5.76979171097837,28803,0,1605,,,11.4
"  3330 Gantrisch (1985 RU1)",3.153576719976175,.2010504362483199,10.26389122562165,9.849657117802574,306.0148851452503,2.51954874468242,3.787604695269931,5.60032593890212,30785,0,1655,,,11.3
"  3339 Treshnikov (1978 LB)",3.179560283019806,.1345945057507558,17.81856955421452,84.72840926536973,148.039765706279,2.751608938222022,3.60751162781759,5.66968325909933,23137,0,1546,,,11.2
"  3346 Gerla (1951 SD)",3.185086055887929,.04569845195716535,21.47988415614706,2.659306565108881,20.66615832518827,3.039532553783497,3.33063955799236,5.68446973288702,27449,0,1355,,,10.8
"  3419 Guth (1981 JZ)",3.213338373926406,.06459596571763405,17.4891149637613,58.51320588112835,225.1067891746851,3.005769678485098,3.420907069367714,5.76027069528901,31079,0,1666,,,11.0
"  3431 Nakano (1984 QC)",3.095101307757484,.04724410819315373,12.27719928473813,312.3496325499796,45.96080784998266,2.948876006705017,3.24132660880995,5.4452836238289,22954,0,1756,,,10.6
"  3476 Dongguan (1978 UF2)",3.161525924124804,.1951246276162932,21.6034165255914,43.82536396593808,25.69912018703914,2.544634355480694,3.778417492768914,5.62151434520589,15215,0,1333,,,11.8
"  3578 Carestia (1977 CC)",3.215847865209217,.2061316168335131,21.29229119514104,284.6387209354386,47.85455608657018,2.55295994526304,3.878735785155394,5.76701983091308,28391,0,1410,,,10.2
"  3614 Tumilty (1983 AE1)",2.982030328631553,.1283725449033953,16.71632617097372,287.1683879889605,311.3047998542076,2.599219506366012,3.364841150897093,5.14963308598077,24137,0,1548,,,10.5
"  3631 Sigyn (1987 BV1)",3.096121710164798,.07717212825714896,14.42199601614278,150.8751159792558,158.792112148204,2.857187408448217,3.335056011881379,5.44797667224719,23839,0,1883,,,11.1
"  3642 Frieden (1953 XL1)",2.787424818644382,.08134661699399881,13.47123492921544,131.292233432202,14.68771514127183,2.560677239522551,3.014172397766213,4.65385605320861,29836,0,1850,,,11.2
"  3687 Dzus (A908 TC)",2.72698028845793,.2002781538510908,15.79850347111071,224.8911792020294,113.738592066757,2.180825710697261,3.273134866218599,4.50330332515385,39919,0,1592,,,11.5
"  3759 Piironen (1984 AP)",2.718401541022611,.1182138038319127,13.05311269966529,292.8818115084131,166.2602898603536,2.397048954515795,3.039754127529427,4.48206978197989,12227,0,1377,,,11.8
"  3761 Romanskaya (1936 OH)",3.122399811734659,.2824712130943731,16.21544692451991,207.3072868199934,83.75544418861523,2.240411749148328,4.004387874320991,5.51748257656173,29830,0,1557,,,11.4
"  3803 Tuchkova (1981 TP1)",3.048781195316099,.05147413295514347,13.04598528266336,250.3674197036805,275.6108301718498,2.891847826717257,3.205714563914941,5.32350403856708,14956,0,1746,,,11.2
"  3811 Karma (1953 TH)",2.578635057989158,.1297654486217119,10.18204287157319,338.8550412728707,68.23237745593029,2.244017322857521,2.913252793120795,4.14088363670995,38165,0,1485,,,11.9
"  3812 Lidaksum (1965 AK1)",3.172345294122883,.1188513595438015,18.4115362341524,122.9237927860624,36.35599261305241,2.795307742973998,3.549382845271768,5.65039592852937,19255,0,1731,,,11.3
"  3906 Chao (1987 KE1)",2.932722999816314,.0690048009005067,26.05052799046754,149.142772043931,208.2840801275475,2.730351033117652,3.135094966514975,5.02244014765849,22507,0,1694,,,10.5
"  3939 Huruhata (1953 GO)",3.108563547999084,.1021616529456686,24.78027814468,32.45454005635327,252.3946136956661,2.790987557648845,3.426139538349322,5.48084887487487,23695,0,1438,,,11.4
"  3971 Voronikhin (1979 YM8)",2.849241886634188,.1844400124011676,13.00901935195119,284.8138781865219,83.47496608110377,2.323727677729452,3.374756095538924,4.80952495707584,22714,0,1370,,,11.3
"  4045 Lowengrub (1953 RG)",3.230753490319893,.1019649285220563,21.32885293009852,224.2906517887671,245.4559572963673,2.901329941607041,3.560177039032745,5.80716191982029,25277,0,1647,,,11.2
"  4112 Hrabal (1981 ST)",3.121510705755323,.0395060057417362,16.60241178595902,175.6716098736314,174.1013014574652,2.998192285890863,3.244829125619784,5.51512608261066,22185,0,1849,,,11.0
"  4140 Branham (1976 VA)",3.006233907077284,.1195568318061365,7.722037257578075,127.1457460982657,219.8548332861368,2.64681810547894,3.365649708675627,5.21245544289893,14962,0,1895,,,11.3
"  4144 Vladvasil''ev (1981 SW6)",3.159337482773705,.03440339150179033,9.268183447009173,171.8221908481748,221.7324260661047,3.050645558467561,3.26802940707985,5.61567844876994,14216,0,1909,,,11.8
"  4201 Orosz (1984 JA1)",3.158715135693756,.2286395979085086,8.880650656113319,238.1203995900416,13.54495366086637,2.436507777161216,3.880922494226297,5.61401921056614,24469,0,1814,,,11.5
"  4208 Kiselev (1986 RQ2)",3.205633429381503,.07618258697784208,16.76304556420017,147.6655105490136,218.6012959133246,2.961419981828568,3.449846876934437,5.73956514921892,12796,0,1513,,,11.3
"  4209 Briggs (1986 TG4)",3.158392595870069,.08330330928192542,21.59976717771564,330.334805245903,12.3675631646548,2.895288040622562,3.421497151117577,5.61315935214421,17659,0,1576,,,11.3
"  4224 Susa (1988 KG)",2.921242531560377,.1858547177548912,12.12186730240274,200.8701609664248,181.2186280324202,2.37831582536364,3.464169237757114,4.99297768287414,20836,0,1770,,,11.3
"  4226 Damiaan (1989 RE)",2.865425714491687,.2551662983574001,5.409851041860508,211.9344204422327,132.8155553883093,2.134265641706735,3.59658578727664,4.85056058240143,31583,0,1865,,,11.6
"  4436 Ortizmoreno (1983 EX)",3.248009299455422,.05481856749246439,17.33055907087188,90.50392736103942,28.29840015021203,3.069958082457073,3.426060516453771,5.85374902263716,24278,0,1393,,,11.3
"  4449 Sobinov (1987 RX3)",3.139159426918477,.09582582901814377,4.899904218248881,299.1331395760246,311.5722391735074,2.838346872413893,3.439971981423061,5.56196512120475,23575,0,1876,,,11.7
"  4460 Bihoro (1990 DS)",2.922538366852808,.1831918121676594,27.04689869756076,326.3527080238794,30.91238287315268,2.38715326729953,3.457923466406086,4.99630030711137,22866,0,1438,,,10.9
"  4547 Massachusetts (1990 KP)",2.613427968941472,.0699925592012919,18.01566220176937,358.3055107349934,37.83991586998199,2.430507457107024,2.79634848077592,4.22497364481204,39840,0,1620,,,11.7
"  4617 Zadunaisky (1976 DK)",3.210764451318788,.06994323610608759,18.69914606400442,234.5157339331149,272.3296890463618,2.986193195219165,3.435335707418411,5.75335101248666,15109,0,1508,,,11.3
"  4732 Froeschle (1981 JG)",3.159891278365242,.07159577215242903,16.85487849076837,226.4233273369309,144.720654080921,2.933656422372956,3.386126134357527,5.61715505941956,22797,0,1794,,,11.4
"  4768 Hartley (1988 PH1)",3.175147926020495,.2371124027644878,20.08075606295498,320.4884987613726,26.53986873691453,2.422280972149096,3.928014879891895,5.65788540814938,13364,0,1282,,,11.3
"  4930 Rephiltim (1983 AO2)",3.124702011002972,.04986829494843625,15.52062850859278,122.1388203027212,359.7849626908205,2.968878449492304,3.28052557251364,5.52358590392697,24590,0,1448,,,11.2
"  4959 Niinoama (1991 PA1)",3.149001540096783,.008626898261830922,8.994161655604387,128.7297472505347,319.6793972760822,3.121835424184018,3.176167656009547,5.58814300883943,24528,0,2134,,,10.8
"  4967 Glia (1983 CF1)",3.152779458488791,.03817126864254408,16.96336190761948,124.8228068658221,225.9637819750855,3.032433866808121,3.273125050169462,5.59820233019872,21444,0,1694,,,11.3
"  5022 Roccapalumba (1984 HE1)",3.151686597254165,.08704697913698028,11.06224923824768,223.0133438694859,67.64773555526456,2.877341799776681,3.426031394731648,5.59529178974794,31908,0,1716,,,11.7
"  5192 Yabuki (1991 CC)",3.192224921763149,.08693224979718055,14.91784818062488,91.12662810313147,301.297417076135,2.91471762745565,3.469732216070649,5.70359169532988,20029,0,1641,,,10.8
"  5262 Brucegoldberg (1990 XB1)",3.085779091375873,.165105613075488,15.977343073044,91.07574839780757,93.61936623424717,2.576299642678737,3.595258540073009,5.42070096965288,27854,0,1532,,,11.2
"  5316 Filatov (1982 UB7)",3.158768898971135,.02107472353022596,14.74297128567886,230.2169555317878,241.2664207299027,3.092198717729442,3.225339080212828,5.61416254227384,12913,0,1453,,,11.8
"  5337 Aoki (1991 LD)",3.2013390783164,.09342103770237356,6.433577797295092,237.7896734777744,4.175496003023473,2.902266659582922,3.500411497049878,5.72803570344908,24285,0,1979,,,11.6
"  5374 Hokutosei (1989 AM1)",3.172812799111099,.09769182366034039,12.28416928550725,299.9993184195533,251.2572937041173,2.862854930633067,3.482770667589132,5.65164501336566,13721,0,1776,,,11.4
"  5567 Durisen (1953 FK1)",2.938492498580744,.2204139946337792,16.16672700615507,9.056913141754672,308.2475663764433,2.290807628767168,3.586177368394321,5.03726828299723,23719,0,1978,,,11.4
"  6137 Johnfletcher (1991 BY)",3.216300415313206,.06291393513343439,15.43635139350083,336.9949295788084,87.10056463117199,3.013950299614553,3.418650531011859,5.76823721930476,22637,0,1427,,,11.3
"  6359 Dubinin (1977 AZ1)",3.21117349475855,.1003499099959277,10.73649466385452,89.32764042503139,36.42076591261238,2.888932523578221,3.53341446593888,5.75445049150908,18999,0,1411,,,11.4
"  6372 Walker (1985 JW1)",3.182777472962516,.1600450905232532,15.80334645420716,64.07107114518867,188.3124073877115,2.673389564186859,3.692165381738173,5.67829061026017,28768,0,1704,,,11.3
"  7588 (1992 FJ1)",3.212821217354562,.1466011818409224,20.72012003745821,320.130986969402,260.4036116341406,2.741817829846792,3.683824604862332,5.75888015919998,23152,0,1418,,,11.4
"  7605 Cindygraber (1995 SR1)",3.153481252280175,.07469697820102587,25.86429402533021,311.7051498224199,270.8332017062673,2.917925731921259,3.389036772639091,5.60007163424331,30780,0,1149,,,11.4
" 12559 (1998 QB69)",3.20096140180209,.03126708606089521,14.00052921147449,299.0047447477667,273.2616178506212,3.10087666617434,3.301046137429839,5.72702208975528,18583,0,1502,,,11.6
" 13244 Dannymeyer (1998 MJ14)",3.162714406124523,.01249924620125427,19.52005219565242,284.8735722485489,347.8378011647017,3.123182860098119,3.202245952150927,5.62468450573228,12856,0,1419,,,11.7
" 15161 (2000 FQ48)",3.217474462339197,.2025258197911934,18.22800104640642,230.6451633173705,99.31743765092946,2.565852809196722,3.869096115481672,5.77139587934264,24667,0,1395,,,11.5
" 16785 (1997 AL1)",3.158833463806774,.09735599042436402,18.40265109369018,300.8054520634394,90.45720023564398,2.851302103352241,3.466364824261306,5.61433467230881,14737,0,1033,,,11.6
" 19737 (2000 AQ51)",3.073147605524867,.06312566793793371,6.496136635708346,312.0530460954604,109.6103400419968,2.879153110254248,3.267142100795486,5.3874509929838,13883,0,1453,,,13.0
" 29943 (1999 JZ78)",3.120516028437726,.1551808792528825,19.65153203786182,90.74587026190075,26.69286629707113,2.636271607422047,3.604760449453405,5.51249017921409,30841,0,1323,,,10.9
